"Time (s)";"Latitude (째)";"Longitude (째)";"Height (m)";"Velocity (m/s)";"Direction (째)";"Horizontal Accuracy (m)";"Vertical Accuracy (째)"
0.000000000E0;5.111945386E1;7.406040665E0;3.004265495E2;1.111070216E-1;-1.000000000E0;1.200181241E1;1.200181241E1
1.845803380E0;5.111951599E1;7.405972691E0;3.204099440E2;1.249594912E-1;-1.000000000E0;3.200000000E1;3.200000000E1
2.845829606E0;5.111953629E1;7.405895350E0;2.740861193E2;7.401321530E-1;-1.000000000E0;4.800000000E1;4.800000000E1
3.845857143E0;5.111949008E1;7.405945951E0;2.977205378E2;4.665631950E-1;-1.000000000E0;4.800000000E1;4.800000000E1
4.845882773E0;5.111943921E1;7.406008518E0;3.017593947E2;7.243778110E-1;-1.000000000E0;3.200000000E1;3.200000000E1
5.845909953E0;5.111946034E1;7.406012011E0;3.039843192E2;2.651781738E-1;-1.000000000E0;2.400000000E1;2.400000000E1
6.845935941E0;5.111943440E1;7.406106138E0;3.067778073E2;7.326374054E-1;-1.000000000E0;3.200483309E1;3.200483309E1
7.672441840E0;5.111944533E1;7.406062104E0;3.049172700E2;1.461353600E-1;-1.000000000E0;3.200483309E1;3.200483309E1
9.676772714E0;5.111945706E1;7.405996840E0;3.084862520E2;9.710380435E-2;-1.000000000E0;2.400362482E1;2.400362482E1
1.067679965E1;5.111946203E1;7.405986099E0;3.037337746E2;2.204986364E-1;-1.000000000E0;2.400362482E1;2.400362482E1
1.176797533E1;5.111946705E1;7.405995283E0;3.034386969E2;1.732483506E-1;-1.000000000E0;1.600241655E1;1.600241655E1
1.276800203E1;5.111946705E1;7.405995283E0;3.034386969E2;0.000000000E0;-1.000000000E0;1.600241655E1;1.600241655E1
1.382848501E1;5.111947770E1;7.405953787E0;3.033107370E2;3.195602819E-2;-1.000000000E0;1.600241655E1;1.600241655E1
1.482851219E1;5.111948557E1;7.405942947E0;3.027301547E2;3.792041838E-1;-1.000000000E0;1.200181241E1;1.200181241E1
1.583946824E1;5.111948836E1;7.405928738E0;3.023723620E2;3.792041838E-1;-1.000000000E0;1.200181241E1;1.200181241E1
1.683949471E1;5.111949100E1;7.405921201E0;3.021630537E2;2.319113612E-1;-1.000000000E0;1.200181241E1;1.200181241E1
1.785347307E1;5.111949598E1;7.405929700E0;3.020165491E2;9.009721130E-2;-1.000000000E0;1.200181241E1;1.200181241E1
1.885350001E1;5.111949457E1;7.405927248E0;3.019117558E2;9.728129208E-2;-1.000000000E0;8.001208274E0;8.001208274E0
1.994245231E1;5.111948545E1;7.405926311E0;3.019263528E2;5.453101397E-1;1.663712641E2;8.001208274E0;8.001208274E0
2.094247973E1;5.111947418E1;7.405936354E0;3.021876941E2;5.295960903E-1;1.669853528E2;8.001208274E0;8.001208274E0
2.197315371E1;5.111947011E1;7.405941056E0;3.026074684E2;1.410321053E-2;2.015507545E2;8.001208274E0;8.001208274E0
2.297317994E1;5.111946957E1;7.405942725E0;3.027988049E2;1.706740707E-1;2.175684770E2;6.000906205E0;6.000906205E0
2.403582513E1;5.111946867E1;7.405938029E0;3.028443332E2;1.887192875E-1;2.414240738E2;6.000906205E0;6.000906205E0
2.503585124E1;5.111946502E1;7.405930489E0;3.028447662E2;1.689335406E-1;2.514280606E2;6.000906205E0;6.000906205E0
2.607797444E1;5.111946462E1;7.405925081E0;3.029022405E2;1.170558110E-1;2.634504503E2;6.000906205E0;6.000906205E0
2.707800055E1;5.111946430E1;7.405914068E0;3.028847793E2;2.193286568E-1;3.129190243E2;8.001208274E0;8.001208274E0
2.807802773E1;5.111946621E1;7.405906491E0;3.028209330E2;9.164877236E-2;3.293308487E2;8.001208274E0;8.001208274E0
2.907805419E1;5.111946667E1;7.405904434E0;3.027097388E2;7.276203483E-2;3.280933004E2;8.001208274E0;8.001208274E0
3.007808125E1;5.111946816E1;7.405907013E0;3.026718127E2;9.164877236E-2;4.529286269E1;8.001208274E0;8.001208274E0
3.107810736E1;5.111946889E1;7.405921140E0;3.026414332E2;3.801718056E-1;8.397287966E1;8.001208274E0;8.001208274E0
3.207813466E1;5.111946734E1;7.405926561E0;3.027086528E2;4.712706804E-1;1.542684421E2;8.001208274E0;8.001208274E0
3.307816195E1;5.111946456E1;7.405930554E0;3.027957672E2;3.873488307E-1;1.531222271E2;8.001208274E0;8.001208274E0
3.407818794E1;5.111947474E1;7.405960445E0;3.029112933E2;1.310977191E-1;1.497348767E2;8.001208274E0;8.001208274E0
3.507821417E1;5.111947973E1;7.405974107E0;3.028198490E2;3.107686043E-1;1.388341270E2;6.000906205E0;6.000906205E0
3.607824111E1;5.111949006E1;7.405988608E0;3.027534384E2;2.134935111E-1;1.477660610E2;6.000906205E0;6.000906205E0
3.707826722E1;5.111948351E1;7.405981617E0;3.025397325E2;1.371733695E-1;1.806510177E2;6.000906205E0;6.000906205E0
3.807829404E1;5.111947181E1;7.405974371E0;3.026639033E2;1.122304425E-1;2.152306398E2;6.000906205E0;6.000906205E0
3.907832038E1;5.111947371E1;7.405962723E0;3.029705342E2;1.270347983E-1;2.596078679E2;6.000906205E0;6.000906205E0
4.007834721E1;5.111947315E1;7.405965276E0;3.028703227E2;9.828241169E-2;9.949265405E1;6.000906205E0;6.000906205E0
4.107837331E1;5.111947034E1;7.405971162E0;3.028933429E2;2.203462869E-1;5.665067156E1;6.000906205E0;6.000906205E0
4.207840049E1;5.111947339E1;7.405974856E0;3.030156980E2;2.203462869E-1;2.406345586E2;6.000906205E0;6.000906205E0
4.307842684E1;5.111947190E1;7.405973608E0;3.029628121E2;2.784315944E-1;2.369976468E2;6.000906205E0;6.000906205E0
4.407845318E1;5.111947138E1;7.405969371E0;3.029928720E2;1.080189459E-2;2.513556333E2;6.000906205E0;6.000906205E0
4.507848001E1;5.111947130E1;7.405969334E0;3.029837106E2;1.643770933E-2;2.671687780E2;6.000906205E0;6.000906205E0
4.607850683E1;5.111947140E1;7.405968478E0;3.029847721E2;1.801921055E-2;2.737675877E2;6.000906205E0;6.000906205E0
4.707853305E1;5.111947143E1;7.405965919E0;3.029764187E2;2.858258970E-2;2.520140909E2;8.001208274E0;8.001208274E0
4.807855976E1;5.111947116E1;7.405964735E0;3.029581426E2;8.856358379E-2;2.148582579E2;8.001208274E0;8.001208274E0
4.907858598E1;5.111947019E1;7.405959127E0;3.029565622E2;1.506945938E-1;2.122516119E2;8.001208274E0;8.001208274E0
5.007861233E1;5.111946792E1;7.405962494E0;3.029483017E2;1.879770905E-1;1.634009924E2;8.001208274E0;8.001208274E0
5.107863939E1;5.111946850E1;7.405961331E0;3.030354487E2;1.925152838E-1;1.476493058E2;6.000906205E0;6.000906205E0
5.207866597E1;5.111946709E1;7.405961913E0;3.030198012E2;3.749692440E-2;1.569909555E2;6.000906205E0;6.000906205E0
5.307869184E1;5.111946448E1;7.405960697E0;3.030630881E2;7.612932473E-2;1.818557128E2;6.000906205E0;6.000906205E0
5.407871890E1;5.111945916E1;7.405950420E0;3.031356969E2;7.612932473E-2;2.408699542E2;6.000906205E0;6.000906205E0
5.507874560E1;5.111945794E1;7.405949449E0;3.032313702E2;4.342648387E-1;2.656670106E2;6.000906205E0;6.000906205E0
5.607877219E1;5.111946089E1;7.405940983E0;3.032704358E2;4.342648387E-1;3.129588306E2;6.000906205E0;6.000906205E0
5.707879889E1;5.111946712E1;7.405939057E0;3.031333329E2;2.427839637E-1;3.386895739E2;6.000906205E0;6.000906205E0
5.807882524E1;5.111947096E1;7.405940532E0;3.029256315E2;4.690060392E-2;3.541417294E2;6.000906205E0;6.000906205E0
5.907885218E1;5.111946945E1;7.405937575E0;3.028023589E2;4.670348465E-1;3.362563600E2;6.000906205E0;6.000906205E0
6.007887876E1;5.111947248E1;7.405939252E0;3.028148882E2;4.670348465E-1;3.266426229E2;6.000906205E0;6.000906205E0
6.107890475E1;5.111947083E1;7.405933609E0;3.027386601E2;3.342091739E-1;3.188365089E2;6.000906205E0;6.000906205E0
6.207893157E1;5.111947153E1;7.405931646E0;3.027424630E2;9.183254093E-2;3.361771845E2;6.000906205E0;6.000906205E0
6.307895803E1;5.111947455E1;7.405934682E0;3.027098020E2;4.226586223E-1;5.433772704E1;6.000906205E0;6.000906205E0
6.407898486E1;5.111947415E1;7.405941997E0;3.026382283E2;1.058515981E-1;8.850636308E1;6.000906205E0;6.000906205E0
6.507901073E1;5.111947071E1;7.405938889E0;3.026900401E2;4.642444476E-2;9.195571789E1;6.000906205E0;6.000906205E0
6.607903767E1;5.111947162E1;7.405935211E0;3.027753116E2;8.598060906E-2;2.753377935E2;6.000906205E0;6.000906205E0
6.707906401E1;5.111947103E1;7.405932934E0;3.027334664E2;1.150055230E-1;1.363967604E2;6.000906205E0;6.000906205E0
6.807909107E1;5.111946572E1;7.405933207E0;3.027318363E2;3.166632056E-1;1.848062315E2;6.000906205E0;6.000906205E0
6.907911718E1;5.111946215E1;7.405929605E0;3.028881460E2;2.121147364E-1;1.774140817E2;6.000906205E0;6.000906205E0
7.007914436E1;5.111945945E1;7.405928729E0;3.029848012E2;3.166632056E-1;2.433811142E2;6.000906205E0;6.000906205E0
7.107916999E1;5.111945419E1;7.405917249E0;3.030673884E2;4.585921466E-1;2.509150041E2;6.000906205E0;6.000906205E0
7.207919729E1;5.111945117E1;7.405914382E0;3.031546663E2;2.355178595E-1;2.730467022E2;6.000906205E0;6.000906205E0
7.307922339E1;5.111945295E1;7.405923626E0;3.032329101E2;6.595362723E-2;2.805642816E2;6.000906205E0;6.000906205E0
7.407925034E1;5.111945502E1;7.405929107E0;3.032487545E2;4.785046726E-2;3.149837632E2;6.000906205E0;6.000906205E0
7.507927680E1;5.111945627E1;7.405932000E0;3.032254000E2;3.149811327E-1;3.220822422E2;6.000906205E0;6.000906205E0
7.607930338E1;5.111945930E1;7.405929254E0;3.032053491E2;1.038662810E-2;3.095053777E2;6.000906205E0;6.000906205E0
7.707932973E1;5.111945952E1;7.405930810E0;3.030972435E2;4.890034720E-2;2.996985648E2;6.000906205E0;6.000906205E0
7.807935619E1;5.111945993E1;7.405930828E0;3.030901134E2;2.035380714E-2;3.107109607E2;6.000906205E0;6.000906205E0
7.907938302E1;5.111946006E1;7.405930090E0;3.030773978E2;1.766772941E-2;3.110435636E2;6.000906205E0;6.000906205E0
8.007940912E1;5.111946112E1;7.405930241E0;3.030677766E2;1.480313297E-2;3.310597608E2;6.000906205E0;6.000906205E0
8.107943606E1;5.111946191E1;7.405931307E0;3.030368218E2;9.918740951E-3;9.372952485E0;6.000906205E0;6.000906205E0
8.207946301E1;5.111946287E1;7.405931785E0;3.030175490E2;8.530278504E-2;3.598803178E2;6.000906205E0;6.000906205E0
8.307948923E1;5.111946378E1;7.405931890E0;3.029907651E2;3.897567280E-3;1.490345036E0;6.000906205E0;6.000906205E0
8.407951581E1;5.111946410E1;7.405932313E0;3.029623238E2;2.554270253E-2;3.317927289E1;6.000906205E0;6.000906205E0
8.507954216E1;5.111946437E1;7.405933601E0;3.029528055E2;2.094994299E-2;3.497567412E1;6.000906205E0;6.000906205E0
8.607956886E1;5.111946407E1;7.405934084E0;3.029522656E2;3.834782168E-2;3.290718206E2;6.000906205E0;6.000906205E0
8.707959521E1;5.111946215E1;7.405935620E0;3.029642417E2;1.864899546E-1;1.505266288E1;6.000906205E0;6.000906205E0
8.807962215E1;5.111946357E1;7.405937444E0;3.030311101E2;1.554784775E-1;8.339647316E1;6.000906205E0;6.000906205E0
8.907964897E1;5.111946360E1;7.405940238E0;3.030084085E2;1.864899546E-1;5.257970123E1;6.000906205E0;6.000906205E0
9.007967484E1;5.111946534E1;7.405943277E0;3.030233045E2;2.189526856E-1;2.440288279E1;6.000906205E0;6.000906205E0
9.107970130E1;5.111946669E1;7.405944190E0;3.029938675E2;1.657035947E-1;3.421281712E1;6.000906205E0;6.000906205E0
9.207972789E1;5.111946788E1;7.405945857E0;3.029573606E2;1.075845361E-1;5.435507230E1;6.000906205E0;6.000906205E0
9.307975554E1;5.111946863E1;7.405946430E0;3.029299520E2;1.063508540E-1;3.003984133E1;6.000906205E0;6.000906205E0
9.407978165E1;5.111946945E1;7.405946742E0;3.029088914E2;1.341321170E-1;3.522127406E1;6.000906205E0;6.000906205E0
9.507980752E1;5.111947306E1;7.405949424E0;3.028848127E2;5.721195340E-1;4.737989529E1;6.000906205E0;6.000906205E0
9.607983410E1;5.111947910E1;7.405944632E0;3.027946241E2;5.808556676E-1;3.491862633E2;6.000906205E0;6.000906205E0
9.707986045E1;5.111948346E1;7.405939668E0;3.025783756E2;1.852624118E-1;3.485998506E2;6.000906205E0;6.000906205E0
9.807988787E1;5.111948480E1;7.405939715E0;3.023974490E2;3.712594276E-3;3.507029478E2;6.000906205E0;6.000906205E0
9.907991409E1;5.111948187E1;7.405943176E0;3.023407394E2;5.828743801E-2;3.546619986E2;6.000906205E0;6.000906205E0
1.000799403E2;5.111947756E1;7.405948654E0;3.024428443E2;1.228874624E-1;1.640782330E2;6.000906205E0;6.000906205E0
1.010799668E2;5.111946803E1;7.405950955E0;3.026141418E2;1.755888015E-1;1.532047358E2;6.000906205E0;6.000906205E0
1.020799932E2;5.111946141E1;7.405953347E0;3.029240572E2;1.755888015E-1;1.800995072E2;6.000906205E0;6.000906205E0
1.030800203E2;5.111946068E1;7.405953100E0;3.031636517E2;3.860754967E-1;2.150383017E2;6.000906205E0;6.000906205E0
1.040800467E2;5.111946040E1;7.405954772E0;3.032071943E2;1.410623044E-1;2.336153371E2;6.000906205E0;6.000906205E0
1.050800732E2;5.111945955E1;7.405953102E0;3.032307471E2;1.629172452E-2;2.508914536E2;6.000906205E0;6.000906205E0
1.060801002E2;5.111946170E1;7.405958646E0;3.032471374E2;1.463481635E-1;6.557073811E1;6.000906205E0;6.000906205E0
1.070801260E2;5.111946279E1;7.405959585E0;3.032218050E2;6.315653771E-2;2.544289452E2;6.000906205E0;6.000906205E0
1.080801532E2;5.111946489E1;7.405962198E0;3.031937561E2;1.879898906E-1;6.927369785E1;6.000906205E0;6.000906205E0
1.090801796E2;5.111946411E1;7.405963330E0;3.031464291E2;2.274281979E-1;4.102043593E1;6.000906205E0;6.000906205E0
1.100802060E2;5.111946595E1;7.405965769E0;3.031717989E2;5.957858264E-2;4.321449418E1;6.000906205E0;6.000906205E0
1.110802327E2;5.111946640E1;7.405966649E0;3.031365704E2;7.112940401E-2;7.741470277E1;6.000906205E0;6.000906205E0
1.120802597E2;5.111946408E1;7.405970266E0;3.031256592E2;2.036007196E-1;1.213855345E2;6.000906205E0;6.000906205E0
1.130802855E2;5.111946467E1;7.405969545E0;3.032157272E2;1.986474544E-1;1.321985300E2;6.000906205E0;6.000906205E0
1.140803121E2;5.111946728E1;7.405964473E0;3.032027064E2;2.356144488E-1;1.438109990E2;6.000906205E0;6.000906205E0
1.150803390E2;5.111946567E1;7.405966470E0;3.030924748E2;5.543021858E-2;1.310883100E2;6.000906205E0;6.000906205E0
1.160803655E2;5.111946568E1;7.405967967E0;3.031413272E2;1.044591069E-1;1.439927640E2;6.000906205E0;6.000906205E0
1.170803915E2;5.111945918E1;7.405974258E0;3.031557705E2;2.373473495E-1;1.467426391E2;6.000906205E0;6.000906205E0
1.180804187E2;5.111944297E1;7.405975448E0;3.033874059E2;2.373473495E-1;1.625151169E2;6.000906205E0;6.000906205E0
1.190804449E2;5.111943752E1;7.405978383E0;3.038718579E2;4.744385183E-1;2.025284278E2;6.000906205E0;6.000906205E0
1.200804720E2;5.111943549E1;7.405985358E0;3.040275571E2;5.609052181E-1;2.345304458E2;6.000906205E0;6.000906205E0
1.210804986E2;5.111943332E1;7.405980928E0;3.041212948E2;1.648305207E-1;2.321615177E2;6.000906205E0;6.000906205E0
1.220805253E2;5.111943586E1;7.405980898E0;3.041370955E2;6.328688003E-3;2.487524843E2;6.000906205E0;6.000906205E0
1.230805515E2;5.111943932E1;7.405982761E0;3.040972297E2;4.828312993E-2;6.347475113E1;6.000906205E0;6.000906205E0
1.240805782E2;5.111943968E1;7.405983103E0;3.040493802E2;7.558379322E-2;7.113189179E1;6.000906205E0;6.000906205E0
1.250806047E2;5.111943983E1;7.405983889E0;3.040408873E2;7.045216113E-2;7.502157524E1;6.000906205E0;6.000906205E0
1.260806311E2;5.111943814E1;7.405978978E0;3.040427846E2;1.210709475E-2;7.670564717E1;6.000906205E0;6.000906205E0
1.270806578E2;5.111943891E1;7.405975401E0;3.040384150E2;6.062891483E-1;9.364882616E1;6.000906205E0;6.000906205E0
1.280806841E2;5.111943548E1;7.405977222E0;3.040024373E2;8.455554247E-1;1.174139571E2;6.000906205E0;6.000906205E0
1.290807109E2;5.111943001E1;7.405986465E0;3.040662132E2;8.447825909E-1;1.454526486E2;6.000906205E0;6.000906205E0
1.300807366E2;5.111942329E1;7.405988563E0;3.042210435E2;8.447825909E-1;1.581684801E2;6.000906205E0;6.000906205E0
1.310807635E2;5.111942935E1;7.405986540E0;3.043589417E2;5.974083543E-1;1.578132147E2;6.000906205E0;6.000906205E0
1.320807906E2;5.111942984E1;7.405989515E0;3.042615774E2;5.974083543E-1;1.503856708E2;6.000906205E0;6.000906205E0
1.330808167E2;5.111943254E1;7.405996111E0;3.042630470E2;2.491635382E-1;1.473364831E2;6.000906205E0;6.000906205E0
1.340808439E2;5.111944021E1;7.405991151E0;3.042623151E2;4.808999598E-2;1.662355756E2;6.000906205E0;6.000906205E0
1.350808702E2;5.111944006E1;7.405989454E0;3.041058240E2;8.796886355E-2;1.945734430E2;6.000906205E0;6.000906205E0
1.360808971E2;5.111943990E1;7.405988729E0;3.040816330E2;2.254244313E-2;2.337642625E2;6.000906205E0;6.000906205E0
1.370809228E2;5.111944026E1;7.405987639E0;3.040769892E2;6.226648763E-2;2.425959157E2;6.000906205E0;6.000906205E0
1.380809500E2;5.111944094E1;7.405986215E0;3.040637258E2;1.033011302E-1;2.916956868E2;6.000906205E0;6.000906205E0
1.390809764E2;5.111944313E1;7.405977586E0;3.040420747E2;4.341142178E-1;2.885104690E2;6.000906205E0;6.000906205E0
1.400810028E2;5.111944604E1;7.405965312E0;3.039484759E2;4.889084399E-1;3.031046708E2;6.000906205E0;6.000906205E0
1.410810293E2;5.111944849E1;7.405960198E0;3.037918443E2;9.542991966E-2;3.013682182E2;6.000906205E0;6.000906205E0
1.420810566E2;5.111944727E1;7.405955712E0;3.036715363E2;9.909269959E-2;2.816153111E2;6.000906205E0;6.000906205E0
1.430810826E2;5.111944721E1;7.405955324E0;3.036661523E2;1.594841667E-2;2.972124852E2;8.001208274E0;8.001208274E0
1.440811086E2;5.111944804E1;7.405953949E0;3.036649272E2;3.073153459E-2;3.116379540E2;8.001208274E0;8.001208274E0
1.450811360E2;5.111944873E1;7.405953995E0;3.036316535E2;2.620062977E-2;3.061177132E2;8.001208274E0;8.001208274E0
1.460811616E2;5.111944892E1;7.405953644E0;3.036082486E2;2.627621777E-2;2.242403697E2;8.001208274E0;8.001208274E0
1.470811888E2;5.111945006E1;7.405954259E0;3.035981627E2;3.266374022E-2;2.445763700E2;6.000906205E0;6.000906205E0
1.480812148E2;5.111945013E1;7.405954274E0;3.035679580E2;6.109369919E-3;2.372290536E2;6.000906205E0;6.000906205E0
1.490812422E2;5.111944974E1;7.405953971E0;3.035630973E2;5.349741504E-2;1.933706331E2;6.000906205E0;6.000906205E0
1.500812682E2;5.111944919E1;7.405953496E0;3.035720595E2;7.065966725E-2;1.553948086E2;6.000906205E0;6.000906205E0
1.510812951E2;5.111944863E1;7.405954691E0;3.035856449E2;1.073736101E-1;1.824624521E2;6.000906205E0;6.000906205E0
1.520813216E2;5.111944710E1;7.405953334E0;3.036112008E2;8.461566269E-2;2.393328065E2;6.000906205E0;6.000906205E0
1.530813487E2;5.111944748E1;7.405952347E0;3.036495993E2;7.576175034E-2;2.570290343E2;6.000906205E0;6.000906205E0
1.540813742E2;5.111945302E1;7.405951357E0;3.036358610E2;9.124267846E-2;2.915127470E2;6.000906205E0;6.000906205E0
1.550814012E2;5.111945581E1;7.405952140E0;3.034666161E2;2.719303668E-1;1.054639469E2;6.000906205E0;6.000906205E0
1.560814285E2;5.111945637E1;7.405957099E0;3.033735014E2;2.962460816E-1;1.521190909E2;6.000906205E0;6.000906205E0
1.570814543E2;5.111945891E1;7.405958322E0;3.033798180E2;8.056106418E-2;1.436551204E2;6.000906205E0;6.000906205E0
1.580814811E2;5.111945868E1;7.405957894E0;3.033145317E2;1.763598435E-2;1.663284252E2;6.000906205E0;6.000906205E0
1.590815071E2;5.111945828E1;7.405957415E0;3.033117659E2;1.184031963E-1;1.528431182E2;6.000906205E0;6.000906205E0
1.600815338E2;5.111945763E1;7.405957933E0;3.033201136E2;5.109366775E-2;6.683622873E1;6.000906205E0;6.000906205E0
1.610815605E2;5.111945599E1;7.405958322E0;3.033432781E2;2.403452247E-1;9.144236087E1;6.000906205E0;6.000906205E0
1.620815873E2;5.111946028E1;7.405959962E0;3.033958295E2;1.942538284E-2;8.049677099E1;6.000906205E0;6.000906205E0
1.630816143E2;5.111945926E1;7.405958620E0;3.032865796E2;1.335954517E-1;2.592133835E2;6.000906205E0;6.000906205E0
1.640816400E2;5.111945957E1;7.405956683E0;3.032968308E2;2.867145697E-3;2.833490317E2;6.000906205E0;6.000906205E0
1.650816671E2;5.111945969E1;7.405956301E0;3.032763776E2;3.133838624E-2;2.506054053E2;6.000906205E0;6.000906205E0
1.660816934E2;5.111945922E1;7.405955626E0;3.032681525E2;1.005760878E-1;2.295385338E2;6.000906205E0;6.000906205E0
1.670817201E2;5.111945558E1;7.405950885E0;3.032766684E2;1.674581319E-1;1.644884132E2;6.000906205E0;6.000906205E0
1.680817472E2;5.111945220E1;7.405942321E0;3.033531059E2;2.749534547E-1;2.633496094E2;6.000906205E0;6.000906205E0
1.690817727E2;5.111945200E1;7.405933705E0;3.034038435E2;2.749534547E-1;2.580578794E2;6.000906205E0;6.000906205E0
1.700817995E2;5.111945383E1;7.405930805E0;3.033589295E2;2.089435011E-1;3.106089450E2;6.000906205E0;6.000906205E0
1.710818259E2;5.111945484E1;7.405926448E0;3.032820107E2;3.397168517E-1;9.471448935E0;6.000906205E0;6.000906205E0
1.720818532E2;5.111945704E1;7.405928929E0;3.032168329E2;4.485182464E-1;2.651421208E1;6.000906205E0;6.000906205E0
1.730818796E2;5.111945894E1;7.405928272E0;3.031621126E2;3.397168517E-1;2.281211124E1;6.000906205E0;6.000906205E0
1.740819061E2;5.111946017E1;7.405927542E0;3.030969848E2;7.703902572E-2;2.231458319E1;6.000906205E0;6.000906205E0
1.750819327E2;5.111946122E1;7.405927668E0;3.030498501E2;5.313738436E-2;1.656230374E1;6.000906205E0;6.000906205E0
1.760819588E2;5.111946170E1;7.405927236E0;3.030152813E2;3.764920682E-2;3.453732692E2;6.000906205E0;6.000906205E0
1.770819856E2;5.111945958E1;7.405928669E0;3.029951252E2;2.160235047E-1;1.869871109E2;6.000906205E0;6.000906205E0
1.780820116E2;5.111945593E1;7.405921977E0;3.030642186E2;2.446266711E-1;2.161168705E2;6.000906205E0;6.000906205E0
1.790820383E2;5.111945805E1;7.405916836E0;3.031342993E2;1.648832485E-2;2.096856054E2;6.000906205E0;6.000906205E0
1.800820646E2;5.111945735E1;7.405914708E0;3.030461658E2;2.396620624E-2;2.010526424E2;6.000906205E0;6.000906205E0
1.810820918E2;5.111945654E1;7.405914236E0;3.030438069E2;8.280979842E-2;2.101713275E2;6.000906205E0;6.000906205E0
1.820821179E2;5.111945297E1;7.405914503E0;3.030641154E2;8.280979842E-2;2.010216607E2;6.000906205E0;6.000906205E0
1.830821443E2;5.111944901E1;7.405914322E0;3.031721918E2;3.923189640E-1;2.391206062E2;6.000906205E0;6.000906205E0
1.840821716E2;5.111944798E1;7.405906887E0;3.032972847E2;3.923189640E-1;2.253561767E2;6.000906205E0;6.000906205E0
1.850821978E2;5.111944886E1;7.405905363E0;3.032916666E2;1.662753522E-2;2.329170185E2;6.000906205E0;6.000906205E0
1.860822242E2;5.111945086E1;7.405902315E0;3.032553168E2;8.655755222E-2;5.282749366E1;6.000906205E0;6.000906205E0
1.870822508E2;5.111945285E1;7.405901899E0;3.031738162E2;2.136098146E-1;6.845137039E1;6.000906205E0;6.000906205E0
1.880822772E2;5.111945375E1;7.405904644E0;3.031050216E2;2.943723276E-2;4.096224955E1;6.000906205E0;6.000906205E0
1.890823042E2;5.111945587E1;7.405905899E0;3.030894630E2;2.767980471E-2;3.299413583E2;6.000906205E0;6.000906205E0
1.900823309E2;5.111945528E1;7.405904627E0;3.030343487E2;2.303698361E-1;9.837339608E0;6.000906205E0;6.000906205E0
1.910823568E2;5.111945912E1;7.405904991E0;3.030377363E2;3.638802469E-1;1.726088866E1;6.000906205E0;6.000906205E0
1.920823841E2;5.111946284E1;7.405901741E0;3.029285138E2;3.810577989E-1;3.403820402E2;6.000906205E0;6.000906205E0
1.930824107E2;5.111946725E1;7.405893339E0;3.027879804E2;3.810577989E-1;3.145652365E2;6.000906205E0;6.000906205E0
1.940824372E2;5.111947309E1;7.405906628E0;3.025909223E2;3.778643440E-3;2.942077484E2;6.000906205E0;6.000906205E0
1.950824633E2;5.111947806E1;7.405916602E0;3.024871711E2;1.546008736E-1;2.906710764E2;6.000906205E0;6.000906205E0
1.960824903E2;5.111947798E1;7.405914120E0;3.023963211E2;3.734900430E-2;2.690084485E2;6.000906205E0;6.000906205E0
1.970825171E2;5.111946364E1;7.405908209E0;3.023735032E2;1.265726984E-1;2.680388348E2;6.000906205E0;6.000906205E0
1.980825434E2;5.111945701E1;7.405899575E0;3.027509638E2;1.265726984E-1;2.392990653E2;6.000906205E0;6.000906205E0
1.990825698E2;5.111945011E1;7.405891031E0;3.029263137E2;2.940843999E-1;1.954000189E2;6.000906205E0;6.000906205E0
2.000825965E2;5.111944910E1;7.405887792E0;3.030895548E2;1.905088723E-1;1.726738621E2;6.000906205E0;6.000906205E0
2.010826228E2;5.111945003E1;7.405885820E0;3.031143384E2;2.007025927E-1;1.813882819E2;6.000906205E0;6.000906205E0
2.020826489E2;5.111944714E1;7.405885710E0;3.030769364E2;2.007025927E-1;1.877374209E2;6.000906205E0;6.000906205E0
2.030826759E2;5.111944509E1;7.405887075E0;3.031569395E2;5.899737030E-2;1.968678812E2;6.000906205E0;6.000906205E0
2.040827019E2;5.111944464E1;7.405890687E0;3.032333846E2;4.879885539E-2;1.879851518E2;6.000906205E0;6.000906205E0
2.050827291E2;5.111944412E1;7.405890520E0;3.032774763E2;5.899737030E-2;3.507383008E2;6.000906205E0;6.000906205E0
2.060827559E2;5.111944683E1;7.405894424E0;3.032918830E2;2.230361253E-1;4.420343044E0;6.000906205E0;6.000906205E0
2.070827821E2;5.111945398E1;7.405896245E0;3.032436929E2;3.221606612E-1;4.672117819E1;6.000906205E0;6.000906205E0
2.080828087E2;5.111946112E1;7.405895592E0;3.030424109E2;4.407285154E-1;3.597128142E2;6.000906205E0;6.000906205E0
2.090828357E2;5.111946927E1;7.405890579E0;3.028096698E2;3.951047063E-1;6.291048615E0;6.000906205E0;6.000906205E0
2.100828614E2;5.111947535E1;7.405892423E0;3.025163792E2;5.455029756E-2;6.915865782E0;6.000906205E0;6.000906205E0
2.110828887E2;5.111947503E1;7.405892987E0;3.023216510E2;4.135719687E-2;1.641781450E1;6.000906205E0;6.000906205E0
2.120829145E2;5.111947536E1;7.405892454E0;3.023150871E2;3.708287142E-3;1.867734012E1;6.000906205E0;6.000906205E0
2.130829420E2;5.111947360E1;7.405891111E0;3.023014943E2;9.478551894E-2;1.710341113E2;6.000906205E0;6.000906205E0
2.140829685E2;5.111946987E1;7.405891584E0;3.023425697E2;9.478551894E-2;1.835454333E2;6.000906205E0;6.000906205E0
2.150829948E2;5.111946882E1;7.405897232E0;3.024586829E2;3.209942877E-1;1.963634171E2;6.000906205E0;6.000906205E0
2.160830212E2;5.111946644E1;7.405895511E0;3.025374481E2;1.634219587E-1;2.266073035E2;6.000906205E0;6.000906205E0
2.170830482E2;5.111946354E1;7.405895081E0;3.026036895E2;2.139715850E-1;2.157084662E2;6.000906205E0;6.000906205E0
2.180830739E2;5.111945547E1;7.405893678E0;3.026920794E2;1.983275712E-1;2.349067073E2;6.000906205E0;6.000906205E0
2.190831007E2;5.111945280E1;7.405888354E0;3.029269346E2;2.063037902E-1;2.705973417E2;6.000906205E0;6.000906205E0
2.200831271E2;5.111945383E1;7.405885421E0;3.029940084E2;1.248753145E-1;2.883542489E2;6.000906205E0;6.000906205E0
2.210831543E2;5.111945458E1;7.405886255E0;3.029514695E2;9.479367174E-3;1.054585989E2;6.000906205E0;6.000906205E0
2.220831801E2;5.111945388E1;7.405884111E0;3.029309559E2;1.281808913E-1;1.121639869E2;6.000906205E0;6.000906205E0
2.230832070E2;5.111945360E1;7.405886384E0;3.029353865E2;8.797195554E-2;8.746382349E1;6.000906205E0;6.000906205E0
2.240832335E2;5.111945372E1;7.405887835E0;3.029585438E2;4.154122435E-3;6.215856684E1;6.000906205E0;6.000906205E0
2.250832605E2;5.111945442E1;7.405887926E0;3.029669569E2;8.797195554E-2;3.232648962E1;6.000906205E0;6.000906205E0
2.260832872E2;5.111945543E1;7.405902664E0;3.029477482E2;3.864961267E-1;1.899590697E1;6.000906205E0;6.000906205E0
2.270833136E2;5.111945830E1;7.405899621E0;3.030119101E2;3.069870733E-2;1.608976564E1;6.000906205E0;6.000906205E0
2.280833398E2;5.111945841E1;7.405899139E0;3.029149449E2;5.979847163E-2;1.367130152E1;6.000906205E0;6.000906205E0
2.290833664E2;5.111945986E1;7.405899573E0;3.028989312E2;4.839248210E-2;2.942778808E1;6.000906205E0;6.000906205E0
2.300833926E2;5.111946103E1;7.405900533E0;3.028580263E2;8.773250878E-2;5.180251108E1;6.000906205E0;6.000906205E0
2.310834197E2;5.111946211E1;7.405901866E0;3.028258657E2;4.822836816E-2;5.547473838E1;6.000906205E0;6.000906205E0
2.320834457E2;5.111946280E1;7.405903522E0;3.027998805E2;1.402741205E-2;5.406689638E1;6.000906205E0;6.000906205E0
2.330834724E2;5.111946114E1;7.405904068E0;3.027879436E2;4.517306387E-2;5.668783804E1;6.000906205E0;6.000906205E0
2.340834998E2;5.111946098E1;7.405905998E0;3.028385779E2;3.838707134E-2;9.572758058E1;6.000906205E0;6.000906205E0
2.350835255E2;5.111946363E1;7.405909041E0;3.028608349E2;2.440285087E-1;3.535921178E2;6.000906205E0;6.000906205E0
2.360835527E2;5.111946481E1;7.405904150E0;3.028056571E2;2.524523437E-1;3.045782841E1;6.000906205E0;6.000906205E0
2.370835788E2;5.111946645E1;7.405900688E0;3.027339192E2;1.537903249E-1;2.810191346E1;6.000906205E0;6.000906205E0
2.380836052E2;5.111946778E1;7.405901600E0;3.026565977E2;1.256928146E-1;1.575891127E1;6.000906205E0;6.000906205E0
2.390836318E2;5.111946879E1;7.405900310E0;3.026158517E2;1.819453537E-1;3.467685129E2;6.000906205E0;6.000906205E0
2.400836588E2;5.111946796E1;7.405893205E0;3.025739566E2;1.779496521E-1;3.456842887E2;6.000906205E0;6.000906205E0
2.410836855E2;5.111946825E1;7.405886414E0;3.025479592E2;9.421044588E-2;3.587103337E2;6.000906205E0;6.000906205E0
2.420837117E2;5.111947103E1;7.405887705E0;3.024927899E2;2.207899243E-1;1.441875473E2;6.000906205E0;6.000906205E0
2.430837386E2;5.111946799E1;7.405897861E0;3.024147907E2;4.925555587E-1;1.427508854E2;8.001208274E0;8.001208274E0
2.440837655E2;5.111946076E1;7.405892424E0;3.025612663E2;4.925555587E-1;1.604470312E2;8.001208274E0;8.001208274E0
2.450837916E2;5.111945390E1;7.405896419E0;3.027515852E2;3.852512836E-1;1.735584399E2;8.001208274E0;8.001208274E0
2.460838177E2;5.111945234E1;7.405896573E0;3.029966608E2;3.710635900E-1;1.687772256E2;8.001208274E0;8.001208274E0
2.470838450E2;5.111944775E1;7.405893203E0;3.030676406E2;5.222538114E-1;1.683347932E2;6.000906205E0;6.000906205E0
2.480838709E2;5.111944514E1;7.405893051E0;3.031866343E2;1.979031861E-1;1.721986995E2;6.000906205E0;6.000906205E0
2.490838976E2;5.111943742E1;7.405898646E0;3.032736527E2;5.222538114E-1;1.709554412E2;6.000906205E0;6.000906205E0
2.500839243E2;5.111943243E1;7.405895270E0;3.034527250E2;1.853373051E-1;1.836305784E2;6.000906205E0;6.000906205E0
2.510839510E2;5.111942837E1;7.405893395E0;3.035294915E2;9.607254714E-2;2.012299542E2;6.000906205E0;6.000906205E0
2.520839775E2;5.111942652E1;7.405895263E0;3.035907814E2;2.219222039E-1;1.936423926E2;6.000906205E0;6.000906205E0
2.530840038E2;5.111942520E1;7.405889727E0;3.036390155E2;6.546739023E-3;2.027277463E2;6.000906205E0;6.000906205E0
2.540840300E2;5.111942907E1;7.405898999E0;3.036294743E2;6.993378699E-2;1.577250164E1;6.000906205E0;6.000906205E0
2.550840575E2;5.111943449E1;7.405901024E0;3.036257736E2;3.863132894E-1;8.704759347E0;6.000906205E0;6.000906205E0
2.560840832E2;5.111944096E1;7.405896857E0;3.035507514E2;5.949653983E-1;3.244534380E2;6.000906205E0;6.000906205E0
2.570841105E2;5.111944687E1;7.405892048E0;3.034113858E2;3.863132894E-1;3.391824677E2;6.000906205E0;6.000906205E0
2.580841367E2;5.111945040E1;7.405895124E0;3.032392186E2;1.793218851E-1;3.594234054E1;6.000906205E0;6.000906205E0
2.590841635E2;5.111945154E1;7.405899583E0;3.031389728E2;2.860127985E-1;7.808873316E1;6.000906205E0;6.000906205E0
2.600841902E2;5.111945190E1;7.405911111E0;3.031244712E2;2.285386175E-1;1.351424508E2;6.000906205E0;6.000906205E0
2.610842162E2;5.111945249E1;7.405921752E0;3.031872636E2;2.319634557E-1;1.552198465E2;6.000906205E0;6.000906205E0
2.620842432E2;5.111945040E1;7.405931253E0;3.032453434E2;1.506507397E-1;1.442527347E2;6.000906205E0;6.000906205E0
2.630842692E2;5.111944931E1;7.405932470E0;3.033737863E2;2.462856472E-2;1.342665610E2;6.000906205E0;6.000906205E0
2.640842965E2;5.111944743E1;7.405932871E0;3.034262088E2;8.172994107E-2;1.496757000E2;6.000906205E0;6.000906205E0
2.650843226E2;5.111944099E1;7.405936059E0;3.034889370E2;8.172994107E-2;2.047543591E2;6.000906205E0;6.000906205E0
2.660843495E2;5.111943124E1;7.405927214E0;3.036588787E2;2.908079326E-1;2.137657555E2;6.000906205E0;6.000906205E0
2.670843757E2;5.111943028E1;7.405927404E0;3.037763977E2;7.323405147E-2;2.293142850E2;6.000906205E0;6.000906205E0
2.680844027E2;5.111943379E1;7.405934247E0;3.038049587E2;3.700122982E-2;2.298621481E2;6.000906205E0;6.000906205E0
2.690844290E2;5.111943371E1;7.405934056E0;3.037953728E2;4.880296066E-2;2.395439140E2;6.000906205E0;6.000906205E0
2.700844554E2;5.111943376E1;7.405933723E0;3.037944142E2;4.010413215E-2;2.503396563E2;6.000906205E0;6.000906205E0
2.710844818E2;5.111943986E1;7.405938957E0;3.037914070E2;2.230669409E-1;2.133918949E1;6.000906205E0;6.000906205E0
2.720845082E2;5.111944469E1;7.405943919E0;3.037261771E2;2.323118597E-1;1.594823899E1;6.000906205E0;6.000906205E0
2.730845348E2;5.111944842E1;7.405946124E0;3.036702980E2;2.323118597E-1;1.618155826E1;6.000906205E0;6.000906205E0
2.740845618E2;5.111945117E1;7.405947279E0;3.035702826E2;4.297317192E-2;3.737198110E1;6.000906205E0;6.000906205E0
2.750845878E2;5.111945086E1;7.405947066E0;3.034876889E2;1.378989518E-1;4.721521602E1;8.001208274E0;8.001208274E0
2.760846142E2;5.111945095E1;7.405952492E0;3.034869552E2;7.967168093E-2;7.162096749E1;8.001208274E0;8.001208274E0
2.770846417E2;5.111945610E1;7.405943330E0;3.035194562E2;6.200547214E-4;2.553571679E2;8.001208274E0;8.001208274E0
2.780846678E2;5.111946102E1;7.405945103E0;3.033132245E2;3.040255979E-3;7.318962971E1;8.001208274E0;8.001208274E0
2.790846949E2;5.111946164E1;7.405945231E0;3.031606556E2;9.446999989E-3;8.963552995E1;6.000906205E0;6.000906205E0
2.800847211E2;5.111946166E1;7.405945348E0;3.031279304E2;4.823451117E-2;1.026121654E2;6.000906205E0;6.000906205E0
2.810847477E2;5.111946238E1;7.405946759E0;3.031248502E2;3.168412670E-2;1.376191320E2;6.000906205E0;6.000906205E0
2.820847739E2;5.111946235E1;7.405948065E0;3.031127868E2;7.110811770E-2;1.942623279E2;6.000906205E0;6.000906205E0
2.830848010E2;5.111946145E1;7.405945327E0;3.031210012E2;3.197003528E-2;2.161623869E2;6.000906205E0;6.000906205E0
2.840848269E2;5.111946262E1;7.405940692E0;3.031303645E2;9.866270423E-2;2.432504937E1;6.000906205E0;6.000906205E0
2.850848536E2;5.111946599E1;7.405936601E0;3.030669759E2;1.581663191E-1;1.401288184E1;6.000906205E0;6.000906205E0
2.860848800E2;5.111946940E1;7.405935247E0;3.029358873E2;1.581663191E-1;3.149357606E2;6.000906205E0;6.000906205E0
2.870849066E2;5.111947260E1;7.405932097E0;3.028146729E2;5.115243793E-2;3.377847378E2;6.000906205E0;6.000906205E0
2.880849339E2;5.111947595E1;7.405937234E0;3.026888155E2;4.620325565E-1;3.567361631E2;6.000906205E0;6.000906205E0
2.890849597E2;5.111947869E1;7.405938907E0;3.026118225E2;8.288792334E-3;3.444571223E2;6.000906205E0;6.000906205E0
2.900849864E2;5.111947857E1;7.405940742E0;3.025349093E2;1.134087220E-1;2.358935177E0;6.000906205E0;6.000906205E0
2.910850136E2;5.111948088E1;7.405938957E0;3.025427911E2;1.969224811E-1;5.610287673E1;6.000906205E0;6.000906205E0
2.920850399E2;5.111948528E1;7.405939556E0;3.024645326E2;1.497573256E-1;5.609294563E1;6.000906205E0;6.000906205E0
2.930850664E2;5.111948985E1;7.405943996E0;3.023322317E2;4.891997576E-2;2.457149352E2;6.000906205E0;6.000906205E0
2.940850933E2;5.111948919E1;7.405949497E0;3.022146864E2;1.555465013E-1;2.030839953E2;6.000906205E0;6.000906205E0
2.950851192E2;5.111948427E1;7.405945447E0;3.022578086E2;8.657797426E-2;1.764800807E2;6.000906205E0;6.000906205E0
2.960851461E2;5.111948308E1;7.405947611E0;3.023792900E2;1.328157187E-1;1.627929690E2;6.000906205E0;6.000906205E0
2.970851725E2;5.111947572E1;7.405950148E0;3.024401900E2;1.868664175E-1;1.636696921E2;6.000906205E0;6.000906205E0
2.980851992E2;5.111947375E1;7.405950540E0;3.026772950E2;7.387354225E-2;1.985855918E2;6.000906205E0;6.000906205E0
2.990852255E2;5.111947065E1;7.405949983E0;3.027609908E2;9.578026086E-2;2.190841779E2;6.000906205E0;6.000906205E0
3.000852522E2;5.111946926E1;7.405948635E0;3.028560151E2;1.266287174E-2;2.877067197E2;6.000906205E0;6.000906205E0
3.010852789E2;5.111946965E1;7.405948156E0;3.028972955E2;9.578026086E-2;6.909766338E1;6.000906205E0;6.000906205E0
3.020853053E2;5.111947063E1;7.405950328E0;3.028869765E2;2.558614910E-1;3.526804515E2;6.000906205E0;6.000906205E0
3.030853319E2;5.111947293E1;7.405951725E0;3.028716349E2;5.192115903E-1;5.461433774E0;6.000906205E0;6.000906205E0
3.040853583E2;5.111947831E1;7.405955052E0;3.028121204E2;5.192115903E-1;9.561061871E0;6.000906205E0;6.000906205E0
3.050853854E2;5.111948246E1;7.405958618E0;3.026706800E2;1.548315436E-1;1.145666796E0;6.000906205E0;6.000906205E0
3.060854121E2;5.111948308E1;7.405959357E0;3.025586753E2;2.933683991E-1;1.752206826E1;6.000906205E0;6.000906205E0
3.070854386E2;5.111948567E1;7.405960542E0;3.025343187E2;1.492533982E-1;6.356402170E1;8.001208274E0;8.001208274E0
3.080854648E2;5.111948594E1;7.405961171E0;3.024639326E2;9.101234376E-2;6.663611784E1;8.001208274E0;8.001208274E0
3.090854909E2;5.111948650E1;7.405961777E0;3.024530213E2;2.260185033E-2;8.475649360E1;8.001208274E0;8.001208274E0
3.100855176E2;5.111948555E1;7.405958662E0;3.024397353E2;4.459944554E-3;8.851978440E1;8.001208274E0;8.001208274E0
3.110855441E2;5.111948511E1;7.405957183E0;3.024457676E2;8.781314641E-2;8.979127192E1;6.000906205E0;6.000906205E0
3.120855705E2;5.111948475E1;7.405958316E0;3.024496392E2;5.000529811E-2;1.017118576E2;6.000906205E0;6.000906205E0
3.130855974E2;5.111948418E1;7.405958213E0;3.024677419E2;1.333383191E-2;1.145911834E2;6.000906205E0;6.000906205E0
3.140856242E2;5.111948347E1;7.405956909E0;3.024856471E2;1.098313704E-1;2.382712038E2;6.000906205E0;6.000906205E0
3.150856504E2;5.111948135E1;7.405950042E0;3.024995500E2;4.753115475E-1;1.874568094E2;6.000906205E0;6.000906205E0
3.160856777E2;5.111947676E1;7.405941324E0;3.025184086E2;4.753115475E-1;2.377947025E2;6.000906205E0;6.000906205E0
3.170857042E2;5.111947614E1;7.405938414E0;3.025974734E2;5.822115764E-2;2.289409059E2;6.000906205E0;6.000906205E0
3.180857306E2;5.111947436E1;7.405938789E0;3.026046932E2;5.697159842E-2;2.248237498E2;6.000906205E0;6.000906205E0
3.190857573E2;5.111947352E1;7.405937684E0;3.026597426E2;1.683307141E-1;2.368216123E1;6.000906205E0;6.000906205E0
3.200857835E2;5.111947669E1;7.405947122E0;3.026827158E2;2.429590821E-1;4.268128436E0;6.000906205E0;6.000906205E0
3.210858102E2;5.111947863E1;7.405954699E0;3.026535922E2;3.213694692E-2;4.958201231E0;6.000906205E0;6.000906205E0
3.220858361E2;5.111948182E1;7.405953844E0;3.026433190E2;2.429590821E-1;2.016834514E2;6.000906205E0;6.000906205E0
3.230858631E2;5.111948013E1;7.405959531E0;3.025437718E2;5.161501095E-2;1.914971941E2;6.000906205E0;6.000906205E0
3.240858897E2;5.111947961E1;7.405957824E0;3.026198950E2;8.271342516E-2;1.855185383E2;6.000906205E0;6.000906205E0
3.250859168E2;5.111947857E1;7.405956294E0;3.026315997E2;1.041560024E-1;1.795173429E2;6.000906205E0;6.000906205E0
3.260859431E2;5.111947695E1;7.405955678E0;3.026531773E2;1.955004483E-1;1.716174641E2;6.000906205E0;6.000906205E0
3.270859694E2;5.111947464E1;7.405952315E0;3.026986486E2;2.975530028E-1;1.449296474E2;6.000906205E0;6.000906205E0
3.280859957E2;5.111947331E1;7.405955370E0;3.027488165E2;5.582024455E-1;1.403018527E2;6.000906205E0;6.000906205E0
3.290860226E2;5.111947081E1;7.405961620E0;3.028122806E2;2.975530028E-1;1.256237762E2;6.000906205E0;6.000906205E0
3.300860493E2;5.111946709E1;7.405962874E0;3.029318685E2;2.953420281E-1;1.529459672E2;6.000906205E0;6.000906205E0
3.310860757E2;5.111946539E1;7.405959814E0;3.030605296E2;5.854322314E-1;1.949355797E2;6.000906205E0;6.000906205E0
3.320861021E2;5.111945911E1;7.405953114E0;3.031031687E2;4.525174201E-2;2.061784399E2;6.000906205E0;6.000906205E0
3.330861290E2;5.111945911E1;7.405958719E0;3.032470688E2;1.908801645E-1;1.971280704E2;6.000906205E0;6.000906205E0
3.340861553E2;5.111945778E1;7.405961535E0;3.032978236E2;1.333686858E-1;2.027517476E2;6.000906205E0;6.000906205E0
3.350861822E2;5.111945743E1;7.405962866E0;3.033599730E2;1.205563620E-1;2.051798662E2;6.000906205E0;6.000906205E0
3.360862081E2;5.111945550E1;7.405962832E0;3.033850020E2;2.550316043E-2;2.263262958E2;6.000906205E0;6.000906205E0
3.370862349E2;5.111945554E1;7.405962195E0;3.034437275E2;9.102953970E-2;2.466343060E2;6.000906205E0;6.000906205E0
3.380862613E2;5.111945527E1;7.405959790E0;3.034441343E2;4.004097357E-2;2.657251765E2;6.000906205E0;6.000906205E0
3.390862882E2;5.111945528E1;7.405958804E0;3.034364022E2;1.047265530E-2;2.652979345E2;8.001208274E0;8.001208274E0
3.400863146E2;5.111945501E1;7.405956441E0;3.034290921E2;1.640313491E-2;2.813287710E2;8.001208274E0;8.001208274E0
3.410863415E2;5.111945473E1;7.405955169E0;3.034208629E2;2.982149646E-2;3.325761721E2;8.001208274E0;8.001208274E0
3.420863676E2;5.111945479E1;7.405953711E0;3.034199301E2;1.662081294E-2;3.214603944E2;8.001208274E0;8.001208274E0
3.430863947E2;5.111945917E1;7.405952836E0;3.034086583E2;9.621877968E-2;1.232946407E2;6.000906205E0;6.000906205E0
3.440864203E2;5.111946172E1;7.405958898E0;3.032740472E2;1.079529077E-1;1.148163132E2;6.000906205E0;6.000906205E0
3.450864469E2;5.111946609E1;7.405961276E0;3.032257320E2;5.864092708E-2;1.300448074E2;6.000906205E0;6.000906205E0
3.460864742E2;5.111946558E1;7.405962236E0;3.031088124E2;5.355197936E-2;1.752232712E2;6.000906205E0;6.000906205E0
3.470865009E2;5.111946544E1;7.405961878E0;3.031182966E2;1.638653576E-1;2.190346727E2;6.000906205E0;6.000906205E0
3.480865273E2;5.111945769E1;7.405950560E0;3.031210029E2;1.887231618E-1;2.939503322E2;6.000906205E0;6.000906205E0
3.490865533E2;5.111945542E1;7.405949788E0;3.032738461E2;2.368800044E-1;2.817713126E2;6.000906205E0;6.000906205E0
3.500865805E2;5.111946020E1;7.405950291E0;3.033502144E2;2.368800044E-1;3.289639856E2;6.000906205E0;6.000906205E0
3.510866071E2;5.111946196E1;7.405945139E0;3.032216483E2;5.096808076E-1;3.344051875E2;6.000906205E0;6.000906205E0
3.520866331E2;5.111946487E1;7.405942935E0;3.031241420E2;8.527535945E-2;3.160626872E2;6.000906205E0;6.000906205E0
3.530866597E2;5.111946602E1;7.405942866E0;3.030154045E2;2.244775146E-1;3.162774283E2;6.000906205E0;6.000906205E0
3.540866868E2;5.111946674E1;7.405938488E0;3.029703358E2;2.244775146E-1;3.349287898E2;6.000906205E0;6.000906205E0
3.550867122E2;5.111946908E1;7.405935718E0;3.029164729E2;1.173294559E-1;3.279668873E2;8.001208274E0;8.001208274E0
3.560867392E2;5.111946992E1;7.405927315E0;3.028249813E2;2.310623974E-1;3.359928240E2;8.001208274E0;8.001208274E0
3.570867665E2;5.111947765E1;7.405938574E0;3.027368953E2;2.441658266E-2;3.589342273E2;8.001208274E0;8.001208274E0
3.580867921E2;5.111947859E1;7.405937560E0;3.025755416E2;1.059538499E-1;2.210031742E2;8.001208274E0;8.001208274E0
3.590868187E2;5.111947758E1;7.405934770E0;3.025255683E2;1.551546454E-1;2.078251165E2;6.000906205E0;6.000906205E0
3.600868460E2;5.111947671E1;7.405927809E0;3.025318594E2;1.013889760E-1;1.947559867E2;6.000906205E0;6.000906205E0
3.610868720E2;5.111947786E1;7.405936886E0;3.025127955E2;1.551546454E-1;1.327597256E2;6.000906205E0;6.000906205E0
3.620868989E2;5.111947862E1;7.405934905E0;3.025362126E2;8.814632893E-2;1.285980367E2;6.000906205E0;6.000906205E0
3.630869248E2;5.111947822E1;7.405935845E0;3.025034256E2;2.054458670E-2;1.326517130E2;6.000906205E0;6.000906205E0
3.640869526E2;5.111947810E1;7.405936516E0;3.025179722E2;6.455756724E-2;1.563801044E2;6.000906205E0;6.000906205E0
3.650869783E2;5.111947780E1;7.405936037E0;3.025273645E2;1.076935977E-1;2.489055078E2;6.000906205E0;6.000906205E0
3.660870048E2;5.111947997E1;7.405934183E0;3.025339617E2;1.076935977E-1;5.694648364E1;6.000906205E0;6.000906205E0
3.670870315E2;5.111948260E1;7.405940423E0;3.024593101E2;4.712390006E-1;4.612949256E1;6.000906205E0;6.000906205E0
3.680870584E2;5.111948624E1;7.405950529E0;3.024156724E2;1.766206920E-1;3.226081053E1;6.000906205E0;6.000906205E0
3.690870844E2;5.111948779E1;7.405952115E0;3.023706318E2;8.121892065E-2;8.336012802E0;6.000906205E0;6.000906205E0
3.700871118E2;5.111948856E1;7.405952342E0;3.023309990E2;1.136314422E-1;3.523623286E2;6.000906205E0;6.000906205E0
3.710871378E2;5.111948702E1;7.405947272E0;3.023062715E2;2.880912423E-1;1.558379547E1;6.000906205E0;6.000906205E0
3.720871642E2;5.111948875E1;7.405946422E0;3.023158288E2;4.197003245E-1;3.598238253E1;6.000906205E0;6.000906205E0
3.730871904E2;5.111948758E1;7.405948337E0;3.022606993E2;4.197003245E-1;9.765463649E1;6.000906205E0;6.000906205E0
3.740872179E2;5.111948381E1;7.405944820E0;3.023018508E2;4.371043444E-1;1.217350900E2;6.000906205E0;6.000906205E0
3.750872442E2;5.111947821E1;7.405942916E0;3.023931425E2;3.104635477E-1;1.540762269E2;6.000906205E0;6.000906205E0
3.760872701E2;5.111947334E1;7.405936902E0;3.025529766E2;9.613372386E-2;1.507388872E2;6.000906205E0;6.000906205E0
3.770872966E2;5.111947255E1;7.405938836E0;3.026721216E2;9.086116403E-2;1.436641226E2;6.000906205E0;6.000906205E0
3.780883242E2;5.111946813E1;7.405939022E0;3.027195494E2;2.263057679E-1;1.441681496E2;6.000906205E0;6.000906205E0
3.790883502E2;5.111946523E1;7.405941372E0;3.028544527E2;2.243268676E-2;1.522237840E2;6.000906205E0;6.000906205E0
3.800883769E2;5.111946600E1;7.405942516E0;3.029676715E2;2.182841897E-1;2.619189307E2;6.000906205E0;6.000906205E0
3.810884032E2;5.111946644E1;7.405942695E0;3.029640794E2;2.078242600E-1;2.881586596E2;6.000906205E0;6.000906205E0
3.820884302E2;5.111946932E1;7.405944775E0;3.029520197E2;2.067606449E-1;3.535912982E2;6.000906205E0;6.000906205E0
3.830884569E2;5.111947293E1;7.405949190E0;3.028802815E2;5.193640590E-1;4.006810265E1;6.000906205E0;6.000906205E0
3.840884837E2;5.111948282E1;7.405963241E0;3.027963682E2;5.193640590E-1;3.514907554E1;6.000906205E0;6.000906205E0
3.850885098E2;5.111948481E1;7.405966294E0;3.025906899E2;1.648074090E-1;1.967338319E1;6.000906205E0;6.000906205E0
3.860885354E2;5.111948807E1;7.405965668E0;3.025319446E2;1.741829515E-1;1.205415605E1;6.000906205E0;6.000906205E0
3.870885626E2;5.111949049E1;7.405966020E0;3.024269459E2;1.078281626E-1;9.198314793E0;8.001208274E0;8.001208274E0
3.880885886E2;5.111949502E1;7.405977788E0;3.023479738E2;6.348260641E-1;2.534128931E1;8.001208274E0;8.001208274E0
3.890886159E2;5.111949702E1;7.405979531E0;3.022843484E2;5.561440587E-1;5.898397688E1;8.001208274E0;8.001208274E0
3.900886424E2;5.111950220E1;7.405976680E0;3.022309644E2;5.561440587E-1;7.096941525E1;8.001208274E0;8.001208274E0
3.910886687E2;5.111949516E1;7.405977646E0;3.020560245E2;1.364560425E-1;1.186411918E2;6.000906205E0;6.000906205E0
3.920886959E2;5.111949049E1;7.405979750E0;3.022502645E2;3.990068138E-1;1.634320834E2;6.000906205E0;6.000906205E0
3.930887220E2;5.111948604E1;7.405975544E0;3.024192949E2;3.990068138E-1;1.723974717E2;6.000906205E0;6.000906205E0
3.940887487E2;5.111947904E1;7.405970008E0;3.025389475E2;4.502136409E-1;1.775874319E2;6.000906205E0;6.000906205E0
3.950887750E2;5.111946779E1;7.405969887E0;3.027190311E2;3.975211978E-1;1.817633686E2;6.000906205E0;6.000906205E0
3.960888019E2;5.111946041E1;7.405964760E0;3.030644320E2;3.975211978E-1;1.932382503E2;6.000906205E0;6.000906205E0
3.970888280E2;5.111945459E1;7.405965341E0;3.032808508E2;3.786939979E-1;2.128213179E2;6.000906205E0;6.000906205E0
3.980888543E2;5.111945177E1;7.405963401E0;3.034759393E2;5.570276827E-2;2.319384983E2;6.000906205E0;6.000906205E0
3.990888820E2;5.111945360E1;7.405967089E0;3.035650740E2;1.164952815E-1;2.521732616E2;6.000906205E0;6.000906205E0
4.000889082E2;5.111945596E1;7.405969333E0;3.035445167E2;2.952694595E-1;4.038802530E1;6.000906205E0;6.000906205E0
4.010889345E2;5.111945758E1;7.405974749E0;3.034882159E2;2.952694595E-1;5.595154364E1;6.000906205E0;6.000906205E0
4.020889609E2;5.111946226E1;7.405981063E0;3.034703636E2;4.020288289E-1;3.751246102E1;6.000906205E0;6.000906205E0
4.030889876E2;5.111946791E1;7.405977124E0;3.033732170E2;3.256415427E-1;2.651759986E1;6.000906205E0;6.000906205E0
4.040890145E2;5.111946844E1;7.405989830E0;3.031731917E2;2.142667212E-2;2.118511066E1;6.000906205E0;6.000906205E0
4.050890406E2;5.111946849E1;7.405989945E0;3.032199036E2;1.169521138E-1;1.003354652E2;6.000906205E0;6.000906205E0
4.060890670E2;5.111946525E1;7.405984206E0;3.032240804E2;1.169521138E-1;9.862003592E1;6.000906205E0;6.000906205E0
4.070890943E2;5.111946623E1;7.405986137E0;3.032815446E2;5.197089911E-2;1.064039927E2;6.000906205E0;6.000906205E0
4.080891203E2;5.111946712E1;7.405987382E0;3.032712785E2;1.363304406E-1;1.109912161E2;6.000906205E0;6.000906205E0
4.090891470E2;5.111946657E1;7.405987274E0;3.032524815E2;7.135626674E-2;1.058059277E2;6.000906205E0;6.000906205E0
4.100891734E2;5.111946658E1;7.405988535E0;3.032660101E2;2.993637323E-2;1.052264476E2;6.000906205E0;6.000906205E0
4.110891995E2;5.111946659E1;7.405989064E0;3.032752731E2;3.649169579E-2;1.190176992E2;6.000906205E0;6.000906205E0
4.120892268E2;5.111946649E1;7.405989726E0;3.032793580E2;7.894074544E-3;1.718165368E2;6.000906205E0;6.000906205E0
4.130892532E2;5.111946600E1;7.405991182E0;3.032869351E2;1.774506420E-1;2.505136622E2;6.000906205E0;6.000906205E0
4.140892795E2;5.111946466E1;7.405988603E0;3.033112310E2;1.645036191E-1;2.818771259E2;6.000906205E0;6.000906205E0
4.150893067E2;5.111946927E1;7.405987510E0;3.033359628E2;5.347058773E-1;3.124514432E1;6.000906205E0;6.000906205E0
4.160893335E2;5.111947479E1;7.405988102E0;3.031969321E2;5.347058773E-1;3.011100848E1;6.000906205E0;6.000906205E0
4.170893602E2;5.111947731E1;7.405992371E0;3.030260344E2;2.067640424E-1;1.810425139E1;6.000906205E0;6.000906205E0
4.180893862E2;5.111947972E1;7.405991808E0;3.029632415E2;3.422507942E-1;3.577424686E2;6.000906205E0;6.000906205E0
4.190894129E2;5.111948312E1;7.405990693E0;3.028829693E2;2.841177285E-1;3.493239326E2;6.000906205E0;6.000906205E0
4.200894394E2;5.111948467E1;7.405989826E0;3.027684571E2;9.060638957E-3;3.458002926E2;6.000906205E0;6.000906205E0
4.210894657E2;5.111948405E1;7.405985225E0;3.027062215E2;2.841177285E-1;3.519429549E2;6.000906205E0;6.000906205E0
4.220894926E2;5.111948578E1;7.405978800E0;3.026883525E2;3.740045130E-1;1.285040243E1;6.000906205E0;6.000906205E0
4.230895187E2;5.111948616E1;7.405968589E0;3.025944727E2;1.346838176E-1;3.533791525E2;8.001208274E0;8.001208274E0
4.240895456E2;5.111948500E1;7.405957594E0;3.025079057E2;9.602422267E-2;3.551386365E2;8.001208274E0;8.001208274E0
4.250895721E2;5.111948124E1;7.405952355E0;3.024616209E2;2.041971982E-1;3.430395848E2;8.001208274E0;8.001208274E0
4.260895993E2;5.111947809E1;7.405947003E0;3.025326333E2;1.776421964E-1;3.390292802E2;8.001208274E0;8.001208274E0
4.270896249E2;5.111947968E1;7.405945979E0;3.025970007E2;1.789880171E-2;3.060830978E2;6.000906205E0;6.000906205E0
4.280896519E2;5.111947975E1;7.405945363E0;3.025505932E2;2.480050083E-3;2.968459499E2;6.000906205E0;6.000906205E0
4.290896782E2;5.111947844E1;7.405945873E0;3.025398276E2;8.184707910E-2;3.045897725E2;6.000906205E0;6.000906205E0
4.300897051E2;5.111947843E1;7.405946066E0;3.025801420E2;1.212036982E-1;2.587586295E2;6.000906205E0;6.000906205E0
4.310897319E2;5.111947762E1;7.405944326E0;3.025856841E2;2.278928831E-2;2.913589038E2;6.000906205E0;6.000906205E0
4.320897583E2;5.111947684E1;7.405944155E0;3.025985979E2;1.605842449E-2;3.199926141E2;6.000906205E0;6.000906205E0
4.330897847E2;5.111947669E1;7.405944982E0;3.026216422E2;1.329159290E-1;3.461137710E2;6.000906205E0;6.000906205E0
4.340889093E2;5.111947936E1;7.405949089E0;3.026335872E2;1.329159290E-1;4.564290135E0;6.000906205E0;6.000906205E0
4.350889355E2;5.111948385E1;7.405953870E0;3.025836129E2;7.275071740E-2;2.279373291E0;6.000906205E0;6.000906205E0
4.360896629E2;5.111948397E1;7.405953753E0;3.024786948E2;3.443420306E-2;1.596252263E1;6.000906205E0;6.000906205E0
4.370904907E2;5.111948399E1;7.405953413E0;3.024638634E2;1.039515622E-2;1.415075263E1;6.000906205E0;6.000906205E0
4.380913429E2;5.111948369E1;7.405952407E0;3.024596611E2;1.130439863E-1;8.975835724E1;6.000906205E0;6.000906205E0
4.390921553E2;5.111947881E1;7.405946799E0;3.024614381E2;2.627451345E-2;2.670552329E2;6.000906205E0;6.000906205E0
4.400929340E2;5.111947623E1;7.405932753E0;3.025675790E2;9.064554423E-2;9.694545112E1;6.000906205E0;6.000906205E0
4.410937301E2;5.111947306E1;7.405930711E0;3.025624826E2;2.705178559E-1;1.426782121E2;6.000906205E0;6.000906205E0
4.420944325E2;5.111946884E1;7.405935017E0;3.026411569E2;2.705178559E-1;1.393429898E2;6.000906205E0;6.000906205E0
4.430951308E2;5.111946240E1;7.405943219E0;3.027999765E2;4.853977859E-1;1.460711769E2;6.000906205E0;6.000906205E0
4.440957512E2;5.111946128E1;7.405951497E0;3.030568436E2;4.179497659E-1;1.458262600E2;6.000906205E0;6.000906205E0
4.450963725E2;5.111945902E1;7.405961684E0;3.031688828E2;1.343991011E-1;1.642268852E2;6.000906205E0;6.000906205E0
4.460969174E2;5.111945242E1;7.405961875E0;3.033119502E2;4.590514582E-3;1.611919590E2;6.000906205E0;6.000906205E0
4.470974329E2;5.111945240E1;7.405961686E0;3.035197811E2;1.188405696E-2;1.533359437E2;6.000906205E0;6.000906205E0
4.480979003E2;5.111945181E1;7.405965939E0;3.035400423E2;4.036509693E-1;1.776272314E1;6.000906205E0;6.000906205E0
4.490983813E2;5.111945356E1;7.405962380E0;3.035867553E2;4.036509693E-1;3.087786729E2;6.000906205E0;6.000906205E0
4.500987911E2;5.111945542E1;7.405959380E0;3.035173513E2;3.281731606E-1;2.898569179E2;6.000906205E0;6.000906205E0
4.510991863E2;5.111945707E1;7.405954798E0;3.034366926E2;2.914440632E-1;3.297864497E2;6.000906205E0;6.000906205E0
4.520995419E2;5.111945956E1;7.405946696E0;3.033510084E2;2.772155404E-1;3.368959662E2;6.000906205E0;6.000906205E0
4.530999047E2;5.111946050E1;7.405942789E0;3.032171683E2;9.602359682E-2;3.271302437E2;6.000906205E0;6.000906205E0
4.541002294E2;5.111946020E1;7.405930270E0;3.031510225E2;3.881451115E-2;3.598636521E2;6.000906205E0;6.000906205E0
4.551005290E2;5.111946033E1;7.405926983E0;3.030720355E2;3.023734316E-2;1.616027880E1;6.000906205E0;6.000906205E0
4.561008172E2;5.111946111E1;7.405925931E0;3.030390879E2;9.371095337E-3;2.154392782E1;6.000906205E0;6.000906205E0
4.571010904E2;5.111946040E1;7.405922583E0;3.030062674E2;4.430663213E-2;4.774237343E1;6.000906205E0;6.000906205E0
4.581013414E2;5.111946069E1;7.405921640E0;3.030021065E2;3.885959834E-2;5.268272439E1;6.000906205E0;6.000906205E0
4.591015846E2;5.111946071E1;7.405921820E0;3.029871335E2;8.723391802E-4;5.117154845E1;6.000906205E0;6.000906205E0
4.601018132E2;5.111946066E1;7.405921077E0;3.029861855E2;9.102719836E-3;7.349043124E1;6.000906205E0;6.000906205E0
4.611020293E2;5.111946210E1;7.405919428E0;3.029826575E2;3.473600745E-2;3.057535002E2;6.000906205E0;6.000906205E0
4.621022323E2;5.111945573E1;7.405915186E0;3.029297351E2;1.346549690E-1;2.756017120E2;6.000906205E0;6.000906205E0
4.631024274E2;5.111945520E1;7.405910040E0;3.030825636E2;1.346549690E-1;2.727315573E2;6.000906205E0;6.000906205E0
4.641026105E2;5.111945611E1;7.405903342E0;3.030798563E2;2.759595215E-1;2.928251542E2;6.000906205E0;6.000906205E0
4.651027826E2;5.111945875E1;7.405901487E0;3.030099048E2;3.128286824E-2;3.033138932E2;6.000906205E0;6.000906205E0
4.661029476E2;5.111946133E1;7.405903960E0;3.029139204E2;7.112025470E-2;1.013176123E2;6.000906205E0;6.000906205E0
4.671031044E2;5.111946048E1;7.405908736E0;3.028449409E2;4.141381383E-2;2.782362526E2;6.000906205E0;6.000906205E0
4.681032529E2;5.111946234E1;7.405908414E0;3.028939084E2;1.814078689E-1;3.324034503E2;6.000906205E0;6.000906205E0
4.691033931E2;5.111946734E1;7.405907401E0;3.028422805E2;3.488053679E-1;8.111735003E0;6.000906205E0;6.000906205E0
4.701035255E2;5.111947001E1;7.405907809E0;3.026847648E2;1.202459335E-1;3.697594197E0;6.000906205E0;6.000906205E0
4.711036557E2;5.111947089E1;7.405907652E0;3.025940315E2;1.014861763E-1;4.254128000E1;6.000906205E0;6.000906205E0
4.721037767E2;5.111947136E1;7.405908807E0;3.025581790E2;2.617622912E-1;1.030349268E2;6.000906205E0;6.000906205E0
4.731038903E2;5.111946854E1;7.405908517E0;3.025482217E2;4.240162075E-1;1.476637175E2;6.000906205E0;6.000906205E0
4.741040010E2;5.111946364E1;7.405915698E0;3.026277557E2;4.240162075E-1;1.616331072E2;6.000906205E0;6.000906205E0
4.751041045E2;5.111946484E1;7.405917089E0;3.028250585E2;4.240162075E-1;1.709804943E2;6.000906205E0;6.000906205E0
4.761042048E2;5.111946631E1;7.405921362E0;3.028186963E2;3.015468419E-1;1.841140329E2;6.000906205E0;6.000906205E0
4.771043024E2;5.111946611E1;7.405922885E0;3.028031461E2;4.356389344E-1;1.557334494E2;6.000906205E0;6.000906205E0
4.781043937E2;5.111946430E1;7.405935857E0;3.028170269E2;3.373599648E-1;1.374500029E2;6.000906205E0;6.000906205E0
4.791044800E2;5.111946333E1;7.405942567E0;3.029552497E2;3.373599648E-1;1.530817514E2;6.000906205E0;6.000906205E0
4.801045655E2;5.111945967E1;7.405942877E0;3.030410049E2;2.265493572E-1;1.931496218E2;6.000906205E0;6.000906205E0
4.811046455E2;5.111945518E1;7.405938208E0;3.031583451E2;6.027920544E-2;2.187463158E2;6.000906205E0;6.000906205E0
4.821047237E2;5.111945455E1;7.405936580E0;3.032706315E2;1.154694781E-1;2.174462849E2;6.000906205E0;6.000906205E0
4.831047974E2;5.111945722E1;7.405940325E0;3.032897154E2;2.324397564E-1;3.601925189E1;6.000906205E0;6.000906205E0
4.841048685E2;5.111945893E1;7.405941589E0;3.032380105E2;1.558495760E-1;1.701607418E1;6.000906205E0;6.000906205E0
4.851049385E2;5.111945834E1;7.405937384E0;3.031913117E2;3.685162961E-1;3.520351898E2;6.000906205E0;6.000906205E0
4.861050040E2;5.111946305E1;7.405936177E0;3.031764520E2;1.931405365E-1;1.652901340E1;6.000906205E0;6.000906205E0
4.871050686E2;5.111946554E1;7.405937482E0;3.030297267E2;2.587268054E-1;3.065825007E1;6.000906205E0;6.000906205E0
4.881051307E2;5.111946921E1;7.405941391E0;3.029509764E2;3.383213282E-1;2.886148343E1;6.000906205E0;6.000906205E0
4.891051910E2;5.111946894E1;7.405953405E0;3.028613906E2;8.712770939E-1;4.254135855E1;6.000906205E0;6.000906205E0
4.901052486E2;5.111947121E1;7.405954846E0;3.029382078E2;3.626281619E-1;6.393820678E1;6.000906205E0;6.000906205E0
4.911053063E2;5.111947248E1;7.405953502E0;3.028890352E2;4.368304461E-2;7.508143502E1;6.000906205E0;6.000906205E0
4.921053605E2;5.111947349E1;7.405957675E0;3.028383599E2;4.669667035E-2;8.749059100E1;6.000906205E0;6.000906205E0
4.931054133E2;5.111947401E1;7.405958818E0;3.028309578E2;2.730608452E-3;8.882126212E1;6.000906205E0;6.000906205E0
4.941054648E2;5.111947428E1;7.405958357E0;3.028223624E2;2.916219179E-3;9.586186210E1;6.000906205E0;6.000906205E0
4.951055148E2;5.111947401E1;7.405957161E0;3.028106538E2;5.613644142E-3;9.800376161E1;6.000906205E0;6.000906205E0
4.961055638E2;5.111947272E1;7.405955875E0;3.028095928E2;5.674377084E-2;2.273412756E2;6.000906205E0;6.000906205E0
4.971056107E2;5.111946563E1;7.405949539E0;3.028389301E2;1.336828172E-1;2.609127618E2;6.000906205E0;6.000906205E0
4.981056579E2;5.111946718E1;7.405945106E0;3.030074552E2;1.878929324E-2;9.802063218E1;6.000906205E0;6.000906205E0
4.991057029E2;5.111946593E1;7.405941936E0;3.029503423E2;4.880687222E-2;9.216101972E1;6.000906205E0;6.000906205E0
5.001057478E2;5.111946607E1;7.405942913E0;3.029605887E2;2.725312300E-2;5.339135310E1;6.000906205E0;6.000906205E0
5.011057909E2;5.111946533E1;7.405936917E0;3.029639204E2;9.125094116E-2;2.362242508E2;6.000906205E0;6.000906205E0
5.021058333E2;5.111946479E1;7.405927659E0;3.029468952E2;1.215640306E-1;3.463211355E2;6.000906205E0;6.000906205E0
5.031058782E2;5.111946322E1;7.405922743E0;3.029010826E2;1.617336869E-1;5.257248257E0;6.000906205E0;6.000906205E0
5.041059175E2;5.111946295E1;7.405919099E0;3.029102892E2;1.022665426E-1;5.436852777E1;6.000906205E0;6.000906205E0
5.051059579E2;5.111946153E1;7.405927855E0;3.028954170E2;3.579289913E-1;8.369321756E1;6.000906205E0;6.000906205E0
5.061059967E2;5.111945932E1;7.405933856E0;3.029922024E2;1.405787319E-1;9.887362718E1;6.000906205E0;6.000906205E0
5.071060352E2;5.111946054E1;7.405935933E0;3.031050975E2;3.894069791E-2;1.202862702E2;6.000906205E0;6.000906205E0
5.081060730E2;5.111945910E1;7.405941568E0;3.030942496E2;1.535823792E-1;2.894535269E2;6.000906205E0;6.000906205E0
5.091061126E2;5.111945971E1;7.405939303E0;3.031717995E2;4.342279211E-2;2.770272818E2;6.000906205E0;6.000906205E0
5.101061499E2;5.111945891E1;7.405934086E0;3.031470349E2;1.535823792E-1;1.191763508E2;6.000906205E0;6.000906205E0
5.111061863E2;5.111945537E1;7.405937397E0;3.031342038E2;3.010662496E-1;1.324576263E2;6.000906205E0;6.000906205E0
5.121062218E2;5.111945460E1;7.405943470E0;3.032574782E2;5.025597811E-1;1.698969941E2;6.000906205E0;6.000906205E0
5.131062577E2;5.111944878E1;7.405946880E0;3.033314664E2;5.602262020E-1;1.704416197E2;6.000906205E0;6.000906205E0
5.141062938E2;5.111944857E1;7.405946264E0;3.035308513E2;1.303128451E-1;2.137632147E2;6.000906205E0;6.000906205E0
5.151063285E2;5.111944923E1;7.405949016E0;3.035528223E2;6.838962436E-2;2.241303900E2;6.000906205E0;6.000906205E0
5.161063629E2;5.111944861E1;7.405950243E0;3.035536186E2;5.470123142E-2;2.264629816E2;6.000906205E0;6.000906205E0
5.171063975E2;5.111944758E1;7.405948038E0;3.035797908E2;2.424696684E-1;5.107075876E1;6.000906205E0;6.000906205E0
5.181064311E2;5.111944817E1;7.405948981E0;3.035982558E2;1.497929096E-1;1.855471944E1;6.000906205E0;6.000906205E0
5.191064655E2;5.111945190E1;7.405952071E0;3.035887864E2;2.424696684E-1;3.291309701E2;6.000906205E0;6.000906205E0
5.201064991E2;5.111945778E1;7.405954340E0;3.034990974E2;5.246180892E-1;3.439857846E2;6.000906205E0;6.000906205E0
5.211065329E2;5.111946291E1;7.405959255E0;3.033333810E2;5.246180892E-1;1.526382160E1;6.000906205E0;6.000906205E0
5.221065651E2;5.111946826E1;7.405971081E0;3.031991458E2;3.055147529E-1;3.451199306E1;6.000906205E0;6.000906205E0
5.231066009E2;5.111947152E1;7.405982980E0;3.031064559E2;5.647096038E-2;6.144996204E1;6.000906205E0;6.000906205E0
5.241066324E2;5.111947417E1;7.405988429E0;3.030791694E2;3.269060748E-3;6.676304325E1;6.000906205E0;6.000906205E0
5.251066633E2;5.111947520E1;7.405990660E0;3.030343631E2;1.222226322E-1;5.763144233E1;6.000906205E0;6.000906205E0
5.261066955E2;5.111947479E1;7.405999925E0;3.030144467E2;6.347548962E-2;6.551940241E1;6.000906205E0;6.000906205E0
5.271067266E2;5.111947460E1;7.406000781E0;3.030842507E2;4.702984542E-2;8.476882209E1;6.000906205E0;6.000906205E0
5.281067593E2;5.111947486E1;7.406001184E0;3.031023822E2;3.436600557E-3;9.678941545E1;6.000906205E0;6.000906205E0
5.291067920E2;5.111947446E1;7.406001980E0;3.030993888E2;1.931230351E-2;1.961315595E2;6.000906205E0;6.000906205E0
5.301068221E2;5.111947372E1;7.406002025E0;3.031157338E2;1.931230351E-2;2.236705270E2;6.000906205E0;6.000906205E0
5.311068538E2;5.111947228E1;7.406000583E0;3.031393959E2;8.344289847E-3;2.416028608E2;6.000906205E0;6.000906205E0
5.321068847E2;5.111947229E1;7.406000762E0;3.031742267E2;3.263974562E-3;2.456188481E2;6.000906205E0;6.000906205E0
5.331069162E2;5.111947390E1;7.406004395E0;3.031786436E2;1.006790698E-1;6.568079978E1;6.000906205E0;6.000906205E0
5.341069481E2;5.111947342E1;7.406006946E0;3.031558217E2;1.580489725E-1;6.534111398E1;6.000906205E0;6.000906205E0
5.351069794E2;5.111947516E1;7.406008354E0;3.031840541E2;2.307902873E-1;3.431742215E2;6.000906205E0;6.000906205E0
5.361070083E2;5.111947696E1;7.406005646E0;3.031452117E2;5.833698437E-2;3.226333565E2;6.000906205E0;6.000906205E0
5.371070389E2;5.111947759E1;7.406004496E0;3.030713445E2;1.129374187E-2;3.434700233E2;6.000906205E0;6.000906205E0
5.381070706E2;5.111947777E1;7.406004386E0;3.030381674E2;3.687156737E-2;6.070739070E1;6.000906205E0;6.000906205E0
5.391071008E2;5.111947456E1;7.405993897E0;3.030287248E2;3.687156737E-2;6.640400753E1;6.000906205E0;6.000906205E0
5.401071303E2;5.111947514E1;7.405986373E0;3.030535435E2;5.643250793E-2;9.371432768E1;6.000906205E0;6.000906205E0
5.411071619E2;5.111947261E1;7.405981493E0;3.029903546E2;3.550701309E-3;1.050811080E2;6.000906205E0;6.000906205E0
5.421071916E2;5.111946854E1;7.405972037E0;3.030261683E2;7.195218652E-2;1.360646766E2;6.000906205E0;6.000906205E0
5.431072211E2;5.111946755E1;7.405964354E0;3.030870159E2;7.195218652E-2;1.050961686E2;6.000906205E0;6.000906205E0
5.441072525E2;5.111946716E1;7.405968536E0;3.030723914E2;2.742104530E-1;1.459974792E2;6.000906205E0;6.000906205E0
5.451072829E2;5.111946388E1;7.405968330E0;3.031092987E2;1.423285902E-1;1.372342645E2;6.000906205E0;6.000906205E0
5.461073126E2;5.111945555E1;7.405963543E0;3.032072796E2;2.742104530E-1;1.749337942E2;6.000906205E0;6.000906205E0
5.471073432E2;5.111945445E1;7.405957424E0;3.034290039E2;3.102297485E-1;2.359638020E2;6.000906205E0;6.000906205E0
5.481073740E2;5.111945235E1;7.405947249E0;3.034436782E2;5.038866997E-1;2.679313549E2;6.000906205E0;6.000906205E0
5.491074027E2;5.111945330E1;7.405938296E0;3.034402293E2;5.038866997E-1;3.362727798E2;6.000906205E0;6.000906205E0
5.501074332E2;5.111945797E1;7.405932933E0;3.033541635E2;4.499839246E-1;3.372675285E2;6.000906205E0;6.000906205E0
5.511074620E2;5.111946244E1;7.405932372E0;3.031747196E2;4.499839246E-1;3.346653357E2;6.000906205E0;6.000906205E0
5.521074924E2;5.111946866E1;7.405931190E0;3.030227694E2;3.636509180E-1;3.419261820E2;6.000906205E0;6.000906205E0
5.531075224E2;5.111947201E1;7.405930493E0;3.028185821E2;1.267071366E-1;3.322968993E2;6.000906205E0;6.000906205E0
5.541075515E2;5.111947264E1;7.405929306E0;3.026959081E2;3.194449842E-2;3.532653889E2;6.000906205E0;6.000906205E0
5.551075815E2;5.111947291E1;7.405927964E0;3.026577130E2;1.360584050E-1;5.651961731E1;6.000906205E0;6.000906205E0
5.561076123E2;5.111947339E1;7.405929367E0;3.026371119E2;6.300942600E-2;8.123810606E1;6.000906205E0;6.000906205E0
5.571076424E2;5.111947279E1;7.405932208E0;3.026301354E2;7.928869128E-2;1.105444124E2;6.000906205E0;6.000906205E0
5.581076717E2;5.111947182E1;7.405934274E0;3.026653905E2;5.973954499E-2;1.308470951E2;6.000906205E0;6.000906205E0
5.591077008E2;5.111947047E1;7.405935124E0;3.027105542E2;8.391866833E-2;1.453308527E2;6.000906205E0;6.000906205E0
5.601077306E2;5.111946759E1;7.405935614E0;3.027600046E2;4.676814675E-1;1.746140184E2;6.000906205E0;6.000906205E0
5.611077605E2;5.111946319E1;7.405942733E0;3.028522360E2;4.676814675E-1;1.626511879E2;6.000906205E0;6.000906205E0
5.621077898E2;5.111946077E1;7.405943618E0;3.030359221E2;4.676814675E-1;1.616701952E2;6.000906205E0;6.000906205E0
5.631078206E2;5.111945982E1;7.405943998E0;3.031305633E2;4.145621657E-1;1.942042030E2;6.000906205E0;6.000906205E0
5.641078488E2;5.111945381E1;7.405944723E0;3.031699926E2;2.420616299E-1;2.028269480E2;6.000906205E0;6.000906205E0
5.651078787E2;5.111945421E1;7.405942572E0;3.033540289E2;9.501787275E-2;2.111738353E2;6.000906205E0;6.000906205E0
5.661079088E2;5.111945373E1;7.405942127E0;3.033468344E2;3.111935779E-2;2.531501972E2;6.000906205E0;6.000906205E0
5.671079383E2;5.111945332E1;7.405942248E0;3.033571562E2;1.086651906E-1;2.758585545E2;6.000906205E0;6.000906205E0
5.681079673E2;5.111945385E1;7.405943454E0;3.033709325E2;2.355080470E-2;3.033109972E2;6.000906205E0;6.000906205E0
5.691079972E2;5.111945449E1;7.405946203E0;3.033646197E2;2.882961333E-1;3.316126510E2;6.000906205E0;6.000906205E0
5.701080279E2;5.111945809E1;7.405947595E0;3.033632194E2;1.457338184E-1;3.341458316E2;6.000906205E0;6.000906205E0
5.711080563E2;5.111946135E1;7.405942417E0;3.032671962E2;1.322119981E-1;3.451129297E2;8.001208274E0;8.001208274E0
5.721080861E2;5.111946506E1;7.405938124E0;3.031288341E2;5.578450561E-1;5.390174582E1;8.001208274E0;8.001208274E0
5.731081157E2;5.111947015E1;7.405939063E0;3.029790146E2;7.095161080E-2;8.622018265E1;8.001208274E0;8.001208274E0
5.741081439E2;5.111946517E1;7.405930327E0;3.028216499E2;1.067599729E-1;1.241198915E2;8.001208274E0;8.001208274E0
5.751081737E2;5.111946095E1;7.405926731E0;3.028947378E2;1.067599729E-1;1.282893668E2;6.000906205E0;6.000906205E0
5.761082031E2;5.111945556E1;7.405934759E0;3.030015828E2;2.156494856E-1;1.387742536E2;6.000906205E0;6.000906205E0
5.771082338E2;5.111945200E1;7.405940780E0;3.032216942E2;1.969972998E-1;1.309887805E2;6.000906205E0;6.000906205E0
5.781082628E2;5.111945342E1;7.405945738E0;3.033862804E2;2.489631176E-1;1.504405719E2;6.000906205E0;6.000906205E0
5.791082920E2;5.111945181E1;7.405944896E0;3.033936753E2;2.489631176E-1;2.038367778E2;6.000906205E0;6.000906205E0
5.801083215E2;5.111944567E1;7.405943411E0;3.034358057E2;7.785676718E-1;1.850247156E2;6.000906205E0;6.000906205E0
5.811083505E2;5.111943656E1;7.405934294E0;3.036095653E2;6.296924502E-2;1.921186594E2;6.000906205E0;6.000906205E0
5.821083797E2;5.111943652E1;7.405932141E0;3.037312015E2;6.124337763E-2;1.819705965E2;6.000906205E0;6.000906205E0
5.831084089E2;5.111943574E1;7.405929636E0;3.037300991E2;1.406766661E-2;1.850170112E2;6.000906205E0;6.000906205E0
5.841084381E2;5.111943427E1;7.405926726E0;3.037263085E2;1.409114599E-1;1.850232676E2;6.000906205E0;6.000906205E0
5.851084684E2;5.111943567E1;7.405931462E0;3.037309282E2;1.702907495E-2;1.853188236E2;6.000906205E0;6.000906205E0
5.861084983E2;5.111943562E1;7.405931358E0;3.037393553E2;2.016589977E-2;1.850409032E2;6.000906205E0;6.000906205E0
5.871085281E2;5.111943582E1;7.405931584E0;3.037403353E2;2.231488377E-2;1.794552291E2;6.000906205E0;6.000906205E0
5.881085578E2;5.111943608E1;7.405930812E0;3.037387304E2;9.349464625E-2;1.261074902E2;6.000906205E0;6.000906205E0
5.891085857E2;5.111943661E1;7.405928386E0;3.037293963E2;3.707897067E-1;1.023140208E2;6.000906205E0;6.000906205E0
5.901086158E2;5.111943871E1;7.405926603E0;3.037041282E2;3.704412282E-2;8.851354844E1;6.000906205E0;6.000906205E0
5.911086448E2;5.111943854E1;7.405926901E0;3.036560356E2;8.965745568E-2;9.157106213E1;6.000906205E0;6.000906205E0
5.921086745E2;5.111943859E1;7.405928829E0;3.036558131E2;8.282803744E-2;8.806481867E1;6.000906205E0;6.000906205E0
5.931087031E2;5.111943859E1;7.405930238E0;3.036676012E2;6.372815371E-2;9.596607029E1;6.000906205E0;6.000906205E0
5.941087334E2;5.111943888E1;7.405932507E0;3.036778987E2;6.113102287E-2;1.131885972E2;6.000906205E0;6.000906205E0
5.951087641E2;5.111944016E1;7.405933595E0;3.036889260E2;2.133441716E-2;1.198800106E2;6.000906205E0;6.000906205E0
5.961087921E2;5.111944011E1;7.405934724E0;3.036762408E2;1.687490009E-2;1.911698915E2;6.000906205E0;6.000906205E0
5.971088207E2;5.111943998E1;7.405935954E0;3.036831572E2;1.902986132E-2;1.826840644E2;6.000906205E0;6.000906205E0
5.981088517E2;5.111944223E1;7.405946346E0;3.036939013E2;1.902986132E-2;3.427078289E2;6.000906205E0;6.000906205E0
5.991088797E2;5.111944399E1;7.405948465E0;3.037258747E2;2.969326675E-1;3.526368748E2;6.000906205E0;6.000906205E0
6.001089095E2;5.111944530E1;7.405951949E0;3.037142405E2;4.570936263E-1;3.334129249E2;6.000906205E0;6.000906205E0
6.011089391E2;5.111944958E1;7.405954639E0;3.037032993E2;6.354542375E-1;3.576486491E2;6.000906205E0;6.000906205E0
6.021089698E2;5.111945518E1;7.405955695E0;3.035948138E2;6.354542375E-1;3.595844613E2;6.000906205E0;6.000906205E0
6.031089983E2;5.111945879E1;7.405954442E0;3.034277397E2;6.354542375E-1;3.474754375E2;8.001208274E0;8.001208274E0
6.041090271E2;5.111946276E1;7.405949705E0;3.032975984E2;5.770055056E-1;1.934467521E1;8.001208274E0;8.001208274E0
6.051090569E2;5.111946693E1;7.405940387E0;3.031380816E2;5.770055056E-1;4.101908014E1;8.001208274E0;8.001208274E0
6.061090866E2;5.111946949E1;7.405948143E0;3.029400041E2;2.456800640E-1;4.643259928E1;8.001208274E0;8.001208274E0
6.071091149E2;5.111947070E1;7.405952305E0;3.028959715E2;8.414072543E-2;5.534302501E1;8.001208274E0;8.001208274E0
6.081091453E2;5.111946983E1;7.405955628E0;3.028832735E2;2.767340541E-1;8.224038168E1;8.001208274E0;8.001208274E0
6.091091747E2;5.111946961E1;7.405959636E0;3.029289703E2;6.232365593E-2;7.565089521E1;8.001208274E0;8.001208274E0
6.101092035E2;5.111946417E1;7.405952365E0;3.029659496E2;2.459175289E-1;8.188752045E1;8.001208274E0;8.001208274E0
6.111092330E2;5.111946033E1;7.405942590E0;3.030811039E2;2.459175289E-1;5.877680358E1;8.001208274E0;8.001208274E0
6.121092620E2;5.111946553E1;7.405941101E0;3.031410690E2;1.684019268E-1;5.134210169E1;8.001208274E0;8.001208274E0
6.131092979E2;5.111946679E1;7.405942124E0;3.029857587E2;1.030568872E-2;5.685038971E1;8.001208274E0;8.001208274E0
6.141093220E2;5.111946699E1;7.405941792E0;3.029402076E2;1.586110145E-2;5.204968880E1;8.001208274E0;8.001208274E0
6.151093508E2;5.111946686E1;7.405941759E0;3.029277148E2;7.984811440E-3;5.013921317E1;6.000906205E0;6.000906205E0
6.161093795E2;5.111946656E1;7.405941464E0;3.029300636E2;4.001498688E-3;4.932218594E1;6.000906205E0;6.000906205E0