"Time (s)"	"Latitude (째)"	"Longitude (째)"	"Height (m)"	"Velocity (m/s)"	"Direction (째)"	"Horizontal Accuracy (m)"	"Vertical Accuracy (째)"
0.000000000E0	5.111982425E1	7.395762291E0	2.818909912E2	-1.000000000E0	-1.000000000E0	6.500000000E1	6.500000000E1
2.317702770E-2	5.111982335E1	7.395762498E0	2.812904663E2	-1.000000000E0	-1.000000000E0	6.500000000E1	6.500000000E1
2.317702770E-2	5.111982280E1	7.395761978E0	2.810286560E2	-1.000000000E0	-1.000000000E0	6.500000000E1	6.500000000E1
7.792620659E-1	5.111982286E1	7.395762201E0	2.808348083E2	-1.000000000E0	-1.000000000E0	6.500000000E1	6.500000000E1
1.311923027E0	5.111982671E1	7.395765061E0	2.807345581E2	-1.000000000E0	-1.000000000E0	6.500000000E1	6.500000000E1
3.116437078E0	5.111982993E1	7.395767582E0	2.806575317E2	-1.000000000E0	-1.000000000E0	6.500000000E1	6.500000000E1
1.208183610E1	5.111979906E1	7.395705629E0	2.819323425E2	-1.000000000E0	-1.000000000E0	6.500000000E1	6.500000000E1
1.276376700E1	5.111987694E1	7.395823977E0	2.548053001E2	2.638845146E-1	-1.000000000E0	4.800000000E1	4.800000000E1
1.376378083E1	5.111987481E1	7.395822296E0	2.852699980E2	-1.000000000E0	-1.000000000E0	6.400000000E1	6.400000000E1
1.476379514E1	5.111987056E1	7.395818933E0	2.883164678E2	-1.000000000E0	-1.000000000E0	6.400000000E1	6.400000000E1
1.576380920E1	5.111989204E1	7.395804258E0	2.551304680E2	1.513965726E-1	-1.000000000E0	6.400000000E1	6.400000000E1
1.676382351E1	5.111990544E1	7.395844764E0	2.555749199E2	4.904786050E-1	-1.000000000E0	6.400000000E1	6.400000000E1
1.773124158E1	5.111989942E1	7.395903065E0	2.555119682E2	4.322679937E-1	-1.000000000E0	9.600000000E1	9.600000000E1
1.873125577E1	5.111989514E1	7.395967532E0	2.548973930E2	4.322679937E-1	-1.000000000E0	6.400000000E1	6.400000000E1
1.976668751E1	5.111988504E1	7.396035443E0	2.542699089E2	1.865647733E-1	-1.000000000E0	9.600000000E1	9.600000000E1
2.076670134E1	5.111987548E1	7.396115048E0	2.535202843E2	3.011229634E-1	-1.000000000E0	1.280000000E2	1.280000000E2
2.183065307E1	5.111987180E1	7.396160317E0	2.527058952E2	2.412698865E-1	-1.000000000E0	1.280000000E2	1.280000000E2
2.283066666E1	5.111986462E1	7.396222386E0	2.523529320E2	3.011229634E-1	-1.000000000E0	1.280000000E2	1.280000000E2
2.392144835E1	5.111985997E1	7.396229933E0	2.518344597E2	5.384615064E-1	-1.000000000E0	1.280000000E2	1.280000000E2
2.492146218E1	5.111985264E1	7.396144355E0	2.517102592E2	5.384615064E-1	-1.000000000E0	6.400000000E1	6.400000000E1
2.596685135E1	5.111985264E1	7.396144355E0	2.517102592E2	0.000000000E0	-1.000000000E0	6.400000000E1	6.400000000E1
2.696686542E1	5.111985264E1	7.396144355E0	2.517102592E2	0.000000000E0	-1.000000000E0	3.200000000E1	3.200000000E1
2.806837118E1	5.111985264E1	7.396144355E0	2.517102592E2	0.000000000E0	-1.000000000E0	4.800724964E1	4.800724964E1
2.906838548E1	5.111985264E1	7.396144355E0	2.517102592E2	0.000000000E0	-1.000000000E0	4.800724964E1	4.800724964E1
3.014501476E1	5.111985264E1	7.396144355E0	2.517102592E2	0.000000000E0	-1.000000000E0	4.800724964E1	4.800724964E1
3.114502954E1	5.111985264E1	7.396144355E0	2.517102592E2	0.000000000E0	-1.000000000E0	4.800724964E1	4.800724964E1
3.214728129E1	5.111985264E1	7.396144355E0	2.517102592E2	0.000000000E0	-1.000000000E0	3.200483309E1	3.200483309E1
3.314729464E1	5.111985264E1	7.396144355E0	2.517102592E2	0.000000000E0	-1.000000000E0	3.200483309E1	3.200483309E1
3.418389285E1	5.111985264E1	7.396144355E0	2.517102592E2	0.000000000E0	-1.000000000E0	3.200483309E1	3.200483309E1
3.518390715E1	5.111985264E1	7.396144355E0	2.517102592E2	0.000000000E0	-1.000000000E0	3.200483309E1	3.200483309E1
3.628396285E1	5.111985264E1	7.396144355E0	2.517102592E2	0.000000000E0	-1.000000000E0	2.400362482E1	2.400362482E1
3.728397667E1	5.111985264E1	7.396144355E0	2.517102592E2	0.000000000E0	-1.000000000E0	2.400362482E1	2.400362482E1
3.828399110E1	5.111985264E1	7.396144355E0	2.517102592E2	0.000000000E0	-1.000000000E0	2.400362482E1	2.400362482E1
3.928400528E1	5.111985264E1	7.396144355E0	2.517102592E2	0.000000000E0	-1.000000000E0	2.400362482E1	2.400362482E1
4.028401923E1	5.111985264E1	7.396144355E0	2.517102592E2	0.000000000E0	-1.000000000E0	2.400362482E1	2.400362482E1
4.128403306E1	5.111985264E1	7.396144355E0	2.517102592E2	0.000000000E0	-1.000000000E0	2.400362482E1	2.400362482E1
4.228404748E1	5.111988373E1	7.396092012E0	2.853388634E2	1.943857670E-1	-1.000000000E0	2.400362482E1	2.400362482E1
4.328406203E1	5.111989299E1	7.396086368E0	2.862176598E2	3.707684875E-1	-1.000000000E0	2.400362482E1	2.400362482E1
4.428407598E1	5.111990219E1	7.396078456E0	2.865055455E2	3.309022486E-1	-1.000000000E0	2.400362482E1	2.400362482E1
4.528409028E1	5.111991241E1	7.396072878E0	2.867539233E2	2.106442302E-1	-1.000000000E0	2.400362482E1	2.400362482E1
4.628410459E1	5.111991565E1	7.396067638E0	2.869965925E2	2.168434858E-1	-1.000000000E0	2.400362482E1	2.400362482E1
4.728411829E1	5.111992066E1	7.396067067E0	2.871206702E2	-1.000000000E0	-1.000000000E0	4.800724964E1	4.800724964E1
4.828413332E1	5.111992155E1	7.396070399E0	2.899866227E2	4.406587780E-1	-1.000000000E0	2.400362482E1	2.400362482E1
4.928414702E1	5.111991973E1	7.396079917E0	2.874939408E2	4.406587780E-1	-1.000000000E0	2.400362482E1	2.400362482E1
5.028416133E1	5.111992107E1	7.396080240E0	2.871306895E2	4.406587780E-1	-1.000000000E0	2.400362482E1	2.400362482E1
5.128417563E1	5.111992014E1	7.396072281E0	2.871137552E2	6.469473243E-1	-1.000000000E0	2.400362482E1	2.400362482E1
5.228419042E1	5.111992171E1	7.396062859E0	2.871665540E2	8.185490370E-1	-1.000000000E0	2.400362482E1	2.400362482E1
5.328420520E1	5.111992171E1	7.396062859E0	2.871665540E2	0.000000000E0	-1.000000000E0	2.400362482E1	2.400362482E1
5.428421855E1	5.111992171E1	7.396062859E0	2.871665540E2	0.000000000E0	-1.000000000E0	3.200483309E1	3.200483309E1
5.528423333E1	5.111992171E1	7.396062859E0	2.871665540E2	0.000000000E0	-1.000000000E0	3.200483309E1	3.200483309E1
5.628424764E1	5.111992171E1	7.396062859E0	2.871665540E2	0.000000000E0	-1.000000000E0	3.200483309E1	3.200483309E1
5.728426218E1	5.111992171E1	7.396062859E0	2.871665540E2	0.000000000E0	-1.000000000E0	4.800724964E1	4.800724964E1
5.828427565E1	5.111992171E1	7.396062859E0	2.871665540E2	0.000000000E0	-1.000000000E0	4.800724964E1	4.800724964E1
5.928429031E1	5.111992171E1	7.396062859E0	2.871665540E2	0.000000000E0	-1.000000000E0	4.800724964E1	4.800724964E1
6.028430474E1	5.111992171E1	7.396062859E0	2.871665540E2	0.000000000E0	-1.000000000E0	4.800724964E1	4.800724964E1
6.128431857E1	5.111992171E1	7.396062859E0	2.871665540E2	0.000000000E0	-1.000000000E0	3.200483309E1	3.200483309E1
6.228433251E1	5.111992171E1	7.396062859E0	2.871665540E2	-1.000000000E0	-1.000000000E0	3.200483309E1	3.200483309E1
6.328434694E1	5.111992171E1	7.396062859E0	2.871665540E2	0.000000000E0	-1.000000000E0	3.200483309E1	3.200483309E1
6.428436124E1	5.111992171E1	7.396062859E0	2.871665540E2	0.000000000E0	-1.000000000E0	3.200483309E1	3.200483309E1
6.528437483E1	5.111992171E1	7.396062859E0	2.871665540E2	0.000000000E0	-1.000000000E0	3.200483309E1	3.200483309E1
6.628438985E1	5.111992171E1	7.396062859E0	2.871665540E2	0.000000000E0	-1.000000000E0	3.200483309E1	3.200483309E1
6.728440368E1	5.111992171E1	7.396062859E0	2.871665540E2	0.000000000E0	-1.000000000E0	3.200483309E1	3.200483309E1
6.828441739E1	5.111992171E1	7.396062859E0	2.871665540E2	0.000000000E0	-1.000000000E0	3.200483309E1	3.200483309E1
6.928443146E1	5.111992171E1	7.396062859E0	2.871665540E2	0.000000000E0	-1.000000000E0	3.200483309E1	3.200483309E1
7.028444660E1	5.111992171E1	7.396062859E0	2.871665540E2	0.000000000E0	-1.000000000E0	3.200483309E1	3.200483309E1
7.128446043E1	5.111992867E1	7.396087640E0	2.872936058E2	3.025341406E-2	-1.000000000E0	3.200483309E1	3.200483309E1
7.228447378E1	5.111992980E1	7.396101470E0	2.871900322E2	5.609766841E-1	-1.000000000E0	3.200483309E1	3.200483309E1
7.328448808E1	5.111993175E1	7.396094244E0	2.870753047E2	9.244236350E-1	-1.000000000E0	3.200483309E1	3.200483309E1
7.428450239E1	5.111992880E1	7.396078656E0	2.871600173E2	6.506389976E-1	-1.000000000E0	3.200483309E1	3.200483309E1
7.528451705E1	5.111992686E1	7.396045836E0	2.872586863E2	7.793565392E-1	-1.000000000E0	3.200483309E1	3.200483309E1
7.628453135E1	5.111992821E1	7.396024762E0	2.875274185E2	8.483468294E-1	-1.000000000E0	3.200483309E1	3.200483309E1
7.728454530E1	5.111992537E1	7.396003481E0	2.877644602E2	8.483468294E-1	-1.000000000E0	3.200483309E1	3.200483309E1
7.828455937E1	5.111992384E1	7.395998257E0	2.879275534E2	7.994657755E-1	-1.000000000E0	3.200483309E1	3.200483309E1
7.928457332E1	5.111992466E1	7.395991442E0	2.879633635E2	4.244779050E-1	-1.000000000E0	3.200483309E1	3.200483309E1
8.028458834E1	5.111993021E1	7.395983582E0	2.880414593E2	4.313118756E-1	-1.000000000E0	3.200483309E1	3.200483309E1
8.128460205E1	5.111993503E1	7.395966004E0	2.882170575E2	4.313118756E-1	-1.000000000E0	3.200483309E1	3.200483309E1
8.228461659E1	5.111993318E1	7.395942263E0	2.884773053E2	4.313118756E-1	-1.000000000E0	3.200483309E1	3.200483309E1
8.328463042E1	5.111992756E1	7.395913706E0	2.886825995E2	3.864242733E-1	-1.000000000E0	3.200483309E1	3.200483309E1
8.428464413E1	5.111992507E1	7.395909089E0	2.888543008E2	1.413793862E-1	-1.000000000E0	3.200483309E1	3.200483309E1
8.528465867E1	5.111992481E1	7.395901356E0	2.888663623E2	7.150728106E-1	-1.000000000E0	3.200483309E1	3.200483309E1
8.628467262E1	5.111992540E1	7.395901241E0	2.889310145E2	5.965364575E-1	-1.000000000E0	3.200483309E1	3.200483309E1
8.728468740E1	5.111992540E1	7.395901241E0	2.889310145E2	0.000000000E0	-1.000000000E0	3.200483309E1	3.200483309E1
8.828470063E1	5.111992540E1	7.395901241E0	2.889310145E2	0.000000000E0	-1.000000000E0	3.200483309E1	3.200483309E1
8.928471541E1	5.111992540E1	7.395901241E0	2.889310145E2	0.000000000E0	-1.000000000E0	3.200483309E1	3.200483309E1
9.028472948E1	5.111992540E1	7.395901241E0	2.889310145E2	0.000000000E0	-1.000000000E0	3.200483309E1	3.200483309E1
9.128474391E1	5.111992540E1	7.395901241E0	2.889310145E2	0.000000000E0	-1.000000000E0	3.200483309E1	3.200483309E1
9.228475785E1	5.111992540E1	7.395901241E0	2.889310145E2	0.000000000E0	-1.000000000E0	3.200483309E1	3.200483309E1
9.328477180E1	5.111992540E1	7.395901241E0	2.889310145E2	0.000000000E0	-1.000000000E0	3.200483309E1	3.200483309E1
9.428478575E1	5.111992540E1	7.395901241E0	2.889310145E2	0.000000000E0	-1.000000000E0	3.200483309E1	3.200483309E1
9.528480077E1	5.111992540E1	7.395901241E0	2.889310145E2	0.000000000E0	-1.000000000E0	3.200483309E1	3.200483309E1
9.628481436E1	5.111992540E1	7.395901241E0	2.889310145E2	0.000000000E0	-1.000000000E0	3.200483309E1	3.200483309E1
9.728482819E1	5.111992540E1	7.395901241E0	2.889310145E2	0.000000000E0	-1.000000000E0	3.200483309E1	3.200483309E1
9.828484285E1	5.111992540E1	7.395901241E0	2.889310145E2	0.000000000E0	-1.000000000E0	3.200483309E1	3.200483309E1
9.928485727E1	5.111992540E1	7.395901241E0	2.889310145E2	0.000000000E0	-1.000000000E0	3.200483309E1	3.200483309E1
1.002848709E2	5.111992540E1	7.395901241E0	2.889310145E2	0.000000000E0	-1.000000000E0	3.200483309E1	3.200483309E1
1.012848854E2	5.111992540E1	7.395901241E0	2.889310145E2	0.000000000E0	-1.000000000E0	3.200483309E1	3.200483309E1
1.022848998E2	5.111992540E1	7.395901241E0	2.889310145E2	0.000000000E0	-1.000000000E0	3.200483309E1	3.200483309E1
1.032849141E2	5.111992540E1	7.395901241E0	2.889310145E2	0.000000000E0	-1.000000000E0	3.200483309E1	3.200483309E1
1.042849276E2	5.111992540E1	7.395901241E0	2.889310145E2	0.000000000E0	-1.000000000E0	3.200483309E1	3.200483309E1
1.052849423E2	5.111992540E1	7.395901241E0	2.889310145E2	0.000000000E0	-1.000000000E0	3.200483309E1	3.200483309E1
1.062849567E2	5.111992540E1	7.395901241E0	2.889310145E2	0.000000000E0	-1.000000000E0	3.200483309E1	3.200483309E1
1.072849706E2	5.111992540E1	7.395901241E0	2.889310145E2	0.000000000E0	-1.000000000E0	3.200483309E1	3.200483309E1
1.082849844E2	5.111992540E1	7.395901241E0	2.889310145E2	-1.000000000E0	-1.000000000E0	3.200483309E1	3.200483309E1
1.092849993E2	5.111992540E1	7.395901241E0	2.889310145E2	-1.000000000E0	-1.000000000E0	3.200483309E1	3.200483309E1
1.102850132E2	5.111992540E1	7.395901241E0	2.889310145E2	0.000000000E0	-1.000000000E0	3.200483309E1	3.200483309E1
1.112850275E2	5.111992540E1	7.395901241E0	2.889310145E2	0.000000000E0	-1.000000000E0	3.200483309E1	3.200483309E1
1.122850415E2	5.111992540E1	7.395901241E0	2.889310145E2	0.000000000E0	-1.000000000E0	3.200483309E1	3.200483309E1
1.132850559E2	5.111993003E1	7.395893140E0	2.889515340E2	7.762461901E-2	-1.000000000E0	3.200483309E1	3.200483309E1
1.142850695E2	5.111993287E1	7.395904984E0	2.891101219E2	4.379628003E-1	-1.000000000E0	3.200483309E1	3.200483309E1
1.152850838E2	5.111993455E1	7.395920386E0	2.890733012E2	9.645017982E-1	-1.000000000E0	3.200483309E1	3.200483309E1
1.162850983E2	5.111993305E1	7.395943746E0	2.889628870E2	7.505627275E-1	-1.000000000E0	3.200483309E1	3.200483309E1
1.172851125E2	5.111993305E1	7.395943746E0	2.889628870E2	0.000000000E0	-1.000000000E0	3.200483309E1	3.200483309E1
1.182851266E2	5.111993305E1	7.395943746E0	2.889628870E2	0.000000000E0	-1.000000000E0	3.200483309E1	3.200483309E1
1.192851411E2	5.111993305E1	7.395943746E0	2.889628870E2	0.000000000E0	-1.000000000E0	3.200483309E1	3.200483309E1
1.202851553E2	5.111993305E1	7.395943746E0	2.889628870E2	0.000000000E0	-1.000000000E0	3.200483309E1	3.200483309E1
1.212851686E2	5.111993305E1	7.395943746E0	2.889628870E2	0.000000000E0	-1.000000000E0	3.200483309E1	3.200483309E1
1.222851828E2	5.111993305E1	7.395943746E0	2.889628870E2	0.000000000E0	-1.000000000E0	3.200483309E1	3.200483309E1
1.232851977E2	5.111993305E1	7.395943746E0	2.889628870E2	0.000000000E0	-1.000000000E0	3.200483309E1	3.200483309E1
1.242852114E2	5.111993305E1	7.395943746E0	2.889628870E2	0.000000000E0	-1.000000000E0	3.200483309E1	3.200483309E1
1.252852259E2	5.111993305E1	7.395943746E0	2.889628870E2	0.000000000E0	-1.000000000E0	3.200483309E1	3.200483309E1
1.262852398E2	5.111993116E1	7.395953063E0	2.886879845E2	3.348687887E-1	-1.000000000E0	3.200483309E1	3.200483309E1
1.272852541E2	5.111992714E1	7.395948899E0	2.885705406E2	4.865826964E-1	-1.000000000E0	3.200483309E1	3.200483309E1
1.282852683E2	5.111992663E1	7.395937347E0	2.885233104E2	2.485949695E-1	-1.000000000E0	3.200483309E1	3.200483309E1
1.292852829E2	5.111992869E1	7.395925063E0	2.886116690E2	1.590799689E-1	-1.000000000E0	3.200483309E1	3.200483309E1
1.302852972E2	5.111992943E1	7.395925313E0	2.887672548E2	1.856718361E-1	-1.000000000E0	3.200483309E1	3.200483309E1
1.312853112E2	5.111992876E1	7.395928025E0	2.887941842E2	4.708232582E-1	-1.000000000E0	3.200483309E1	3.200483309E1
1.322853251E2	5.111992927E1	7.395931901E0	2.887604849E2	4.708232582E-1	-1.000000000E0	3.200483309E1	3.200483309E1
1.332853389E2	5.111992903E1	7.395926741E0	2.887318739E2	4.708232582E-1	-1.000000000E0	3.200483309E1	3.200483309E1
1.342853539E2	5.111992786E1	7.395920381E0	2.887706510E2	1.034572721E-1	-1.000000000E0	3.200483309E1	3.200483309E1
1.352853669E2	5.111992451E1	7.395911891E0	2.888094927E2	4.221266508E-2	-1.000000000E0	3.200483309E1	3.200483309E1
1.362853819E2	5.111992284E1	7.395910238E0	2.888266703E2	1.563860923E-1	-1.000000000E0	3.200483309E1	3.200483309E1
1.372853961E2	5.111992380E1	7.395907193E0	2.888121009E2	1.563860923E-1	-1.000000000E0	3.200483309E1	3.200483309E1
1.382854097E2	5.111992380E1	7.395907193E0	2.888121009E2	0.000000000E0	-1.000000000E0	3.200483309E1	3.200483309E1
1.392854241E2	5.111992380E1	7.395907193E0	2.888121009E2	0.000000000E0	-1.000000000E0	3.200483309E1	3.200483309E1
1.402854379E2	5.111992380E1	7.395907193E0	2.888121009E2	0.000000000E0	-1.000000000E0	3.200483309E1	3.200483309E1
1.412854526E2	5.111992380E1	7.395907193E0	2.888121009E2	0.000000000E0	-1.000000000E0	3.200483309E1	3.200483309E1
1.422854668E2	5.111992380E1	7.395907193E0	2.888121009E2	0.000000000E0	-1.000000000E0	3.200483309E1	3.200483309E1
1.432854811E2	5.111992380E1	7.395907193E0	2.888121009E2	0.000000000E0	-1.000000000E0	3.200483309E1	3.200483309E1
1.442854953E2	5.111992380E1	7.395907193E0	2.888121009E2	0.000000000E0	-1.000000000E0	3.200483309E1	3.200483309E1
1.452855089E2	5.111992380E1	7.395907193E0	2.888121009E2	0.000000000E0	-1.000000000E0	3.200483309E1	3.200483309E1
1.462855237E2	5.111992380E1	7.395907193E0	2.888121009E2	0.000000000E0	-1.000000000E0	3.200483309E1	3.200483309E1
1.472855380E2	5.111992380E1	7.395907193E0	2.888121009E2	0.000000000E0	-1.000000000E0	3.200483309E1	3.200483309E1
1.482855521E2	5.111992380E1	7.395907193E0	2.888121009E2	0.000000000E0	-1.000000000E0	3.200483309E1	3.200483309E1
1.492855662E2	5.111992380E1	7.395907193E0	2.888121009E2	0.000000000E0	-1.000000000E0	3.200483309E1	3.200483309E1
1.502855803E2	5.111992380E1	7.395907193E0	2.888121009E2	0.000000000E0	-1.000000000E0	3.200483309E1	3.200483309E1
1.512855943E2	5.111992380E1	7.395907193E0	2.888121009E2	0.000000000E0	-1.000000000E0	3.200483309E1	3.200483309E1
1.522856090E2	5.111992380E1	7.395907193E0	2.888121009E2	0.000000000E0	-1.000000000E0	3.200483309E1	3.200483309E1
1.532856224E2	5.111992380E1	7.395907193E0	2.888121009E2	0.000000000E0	-1.000000000E0	3.200483309E1	3.200483309E1
1.542856368E2	5.111992380E1	7.395907193E0	2.888121009E2	0.000000000E0	-1.000000000E0	3.200483309E1	3.200483309E1
1.552856507E2	5.111992380E1	7.395907193E0	2.888121009E2	0.000000000E0	-1.000000000E0	3.200483309E1	3.200483309E1
1.562856647E2	5.111992380E1	7.395907193E0	2.888121009E2	0.000000000E0	-1.000000000E0	3.200483309E1	3.200483309E1
1.572856795E2	5.111992380E1	7.395907193E0	2.888121009E2	0.000000000E0	-1.000000000E0	3.200483309E1	3.200483309E1
1.582856935E2	5.111992380E1	7.395907193E0	2.888121009E2	0.000000000E0	-1.000000000E0	3.200483309E1	3.200483309E1
1.592857076E2	5.111992380E1	7.395907193E0	2.888121009E2	0.000000000E0	-1.000000000E0	3.200483309E1	3.200483309E1
1.602857218E2	5.111992380E1	7.395907193E0	2.888121009E2	0.000000000E0	-1.000000000E0	3.200483309E1	3.200483309E1
1.612857366E2	5.111992380E1	7.395907193E0	2.888121009E2	0.000000000E0	-1.000000000E0	3.200483309E1	3.200483309E1
1.622857502E2	5.111992380E1	7.395907193E0	2.888121009E2	0.000000000E0	-1.000000000E0	3.200483309E1	3.200483309E1
1.632857642E2	5.111992380E1	7.395907193E0	2.888121009E2	0.000000000E0	-1.000000000E0	3.200483309E1	3.200483309E1
1.642857786E2	5.111992380E1	7.395907193E0	2.888121009E2	0.000000000E0	-1.000000000E0	3.200483309E1	3.200483309E1
1.652857929E2	5.111992380E1	7.395907193E0	2.888121009E2	0.000000000E0	-1.000000000E0	3.200483309E1	3.200483309E1
1.662858067E2	5.111992380E1	7.395907193E0	2.888121009E2	0.000000000E0	-1.000000000E0	3.200483309E1	3.200483309E1
1.672858214E2	5.111992380E1	7.395907193E0	2.888121009E2	0.000000000E0	-1.000000000E0	3.200483309E1	3.200483309E1
1.682858355E2	5.111992380E1	7.395907193E0	2.888121009E2	0.000000000E0	-1.000000000E0	3.200483309E1	3.200483309E1
1.692858491E2	5.111992380E1	7.395907193E0	2.888121009E2	0.000000000E0	-1.000000000E0	3.200483309E1	3.200483309E1
1.702858633E2	5.111992380E1	7.395907193E0	2.888121009E2	0.000000000E0	-1.000000000E0	3.200483309E1	3.200483309E1
1.712858782E2	5.111992380E1	7.395907193E0	2.888121009E2	0.000000000E0	-1.000000000E0	3.200483309E1	3.200483309E1
1.722858922E2	5.111992380E1	7.395907193E0	2.888121009E2	0.000000000E0	-1.000000000E0	3.200483309E1	3.200483309E1
1.732859067E2	5.111992380E1	7.395907193E0	2.888121009E2	0.000000000E0	-1.000000000E0	3.200483309E1	3.200483309E1
1.742859201E2	5.111992380E1	7.395907193E0	2.888121009E2	0.000000000E0	-1.000000000E0	3.200483309E1	3.200483309E1
1.752859349E2	5.111992380E1	7.395907193E0	2.888121009E2	0.000000000E0	-1.000000000E0	3.200483309E1	3.200483309E1
1.762859488E2	5.111992380E1	7.395907193E0	2.888121009E2	0.000000000E0	-1.000000000E0	3.200483309E1	3.200483309E1
1.772859631E2	5.111992380E1	7.395907193E0	2.888121009E2	0.000000000E0	-1.000000000E0	3.200483309E1	3.200483309E1
1.782859769E2	5.111992380E1	7.395907193E0	2.888121009E2	0.000000000E0	-1.000000000E0	3.200483309E1	3.200483309E1
1.792859913E2	5.111992380E1	7.395907193E0	2.888121009E2	0.000000000E0	-1.000000000E0	3.200483309E1	3.200483309E1
1.802860050E2	5.111992380E1	7.395907193E0	2.888121009E2	0.000000000E0	-1.000000000E0	3.200483309E1	3.200483309E1
1.812860191E2	5.111992380E1	7.395907193E0	2.888121009E2	0.000000000E0	-1.000000000E0	3.200483309E1	3.200483309E1
1.822860340E2	5.111992380E1	7.395907193E0	2.888121009E2	0.000000000E0	-1.000000000E0	3.200483309E1	3.200483309E1
1.832860479E2	5.111992380E1	7.395907193E0	2.888121009E2	0.000000000E0	-1.000000000E0	3.200483309E1	3.200483309E1
1.842860620E2	5.111992380E1	7.395907193E0	2.888121009E2	0.000000000E0	-1.000000000E0	3.200483309E1	3.200483309E1
1.852860761E2	5.111992380E1	7.395907193E0	2.888121009E2	0.000000000E0	-1.000000000E0	3.200483309E1	3.200483309E1
1.862860904E2	5.111992380E1	7.395907193E0	2.888121009E2	0.000000000E0	-1.000000000E0	3.200483309E1	3.200483309E1
1.872861050E2	5.111992380E1	7.395907193E0	2.888121009E2	0.000000000E0	-1.000000000E0	3.200483309E1	3.200483309E1
1.882861189E2	5.111992380E1	7.395907193E0	2.888121009E2	0.000000000E0	-1.000000000E0	3.200483309E1	3.200483309E1
1.892861326E2	5.111992380E1	7.395907193E0	2.888121009E2	0.000000000E0	-1.000000000E0	3.200483309E1	3.200483309E1
1.902861475E2	5.111992380E1	7.395907193E0	2.888121009E2	0.000000000E0	-1.000000000E0	3.200483309E1	3.200483309E1
1.912861615E2	5.111992380E1	7.395907193E0	2.888121009E2	0.000000000E0	-1.000000000E0	3.200483309E1	3.200483309E1
1.922861754E2	5.111992380E1	7.395907193E0	2.888121009E2	0.000000000E0	-1.000000000E0	3.200483309E1	3.200483309E1
1.932861899E2	5.111992380E1	7.395907193E0	2.888121009E2	0.000000000E0	-1.000000000E0	3.200483309E1	3.200483309E1
1.942862034E2	5.111992380E1	7.395907193E0	2.888121009E2	0.000000000E0	-1.000000000E0	3.200483309E1	3.200483309E1
1.952862179E2	5.111992380E1	7.395907193E0	2.888121009E2	0.000000000E0	-1.000000000E0	3.200483309E1	3.200483309E1
1.962862319E2	5.111992380E1	7.395907193E0	2.888121009E2	0.000000000E0	-1.000000000E0	3.200483309E1	3.200483309E1
1.972862464E2	5.111992380E1	7.395907193E0	2.888121009E2	0.000000000E0	-1.000000000E0	3.200483309E1	3.200483309E1
1.982862601E2	5.111992380E1	7.395907193E0	2.888121009E2	0.000000000E0	-1.000000000E0	3.200483309E1	3.200483309E1
1.992862744E2	5.111992380E1	7.395907193E0	2.888121009E2	0.000000000E0	-1.000000000E0	3.200483309E1	3.200483309E1
2.002862886E2	5.111992380E1	7.395907193E0	2.888121009E2	0.000000000E0	-1.000000000E0	3.200483309E1	3.200483309E1
2.012863032E2	5.111992380E1	7.395907193E0	2.888121009E2	0.000000000E0	-1.000000000E0	3.200483309E1	3.200483309E1
2.022863171E2	5.111992380E1	7.395907193E0	2.888121009E2	0.000000000E0	-1.000000000E0	3.200483309E1	3.200483309E1
2.032863312E2	5.111992380E1	7.395907193E0	2.888121009E2	0.000000000E0	-1.000000000E0	3.200483309E1	3.200483309E1
2.042863460E2	5.111992380E1	7.395907193E0	2.888121009E2	0.000000000E0	-1.000000000E0	3.200483309E1	3.200483309E1
2.052863603E2	5.111992380E1	7.395907193E0	2.888121009E2	0.000000000E0	-1.000000000E0	3.200483309E1	3.200483309E1
2.062863742E2	5.111992380E1	7.395907193E0	2.888121009E2	0.000000000E0	-1.000000000E0	3.200483309E1	3.200483309E1
2.072863879E2	5.111992380E1	7.395907193E0	2.888121009E2	0.000000000E0	-1.000000000E0	3.200483309E1	3.200483309E1
2.082864023E2	5.111992380E1	7.395907193E0	2.888121009E2	0.000000000E0	-1.000000000E0	3.200483309E1	3.200483309E1
2.092864164E2	5.111992380E1	7.395907193E0	2.888121009E2	0.000000000E0	-1.000000000E0	3.200483309E1	3.200483309E1
2.102864301E2	5.111992380E1	7.395907193E0	2.888121009E2	0.000000000E0	-1.000000000E0	3.200483309E1	3.200483309E1
2.112864454E2	5.111992380E1	7.395907193E0	2.888121009E2	0.000000000E0	-1.000000000E0	3.200483309E1	3.200483309E1
2.122864588E2	5.111992380E1	7.395907193E0	2.888121009E2	0.000000000E0	-1.000000000E0	3.200483309E1	3.200483309E1
2.132864732E2	5.111992380E1	7.395907193E0	2.888121009E2	0.000000000E0	-1.000000000E0	3.200483309E1	3.200483309E1
2.142864870E2	5.111992380E1	7.395907193E0	2.888121009E2	0.000000000E0	-1.000000000E0	3.200483309E1	3.200483309E1
2.152865015E2	5.111992380E1	7.395907193E0	2.888121009E2	0.000000000E0	-1.000000000E0	3.200483309E1	3.200483309E1
2.162865161E2	5.111992380E1	7.395907193E0	2.888121009E2	0.000000000E0	-1.000000000E0	3.200483309E1	3.200483309E1
2.172865301E2	5.111992380E1	7.395907193E0	2.888121009E2	0.000000000E0	-1.000000000E0	3.200483309E1	3.200483309E1
2.182865444E2	5.111992380E1	7.395907193E0	2.888121009E2	0.000000000E0	-1.000000000E0	3.200483309E1	3.200483309E1
2.192865582E2	5.111992380E1	7.395907193E0	2.888121009E2	0.000000000E0	-1.000000000E0	3.200483309E1	3.200483309E1
2.202865725E2	5.111992380E1	7.395907193E0	2.888121009E2	0.000000000E0	-1.000000000E0	3.200483309E1	3.200483309E1
2.212865868E2	5.111992380E1	7.395907193E0	2.888121009E2	0.000000000E0	-1.000000000E0	3.200483309E1	3.200483309E1
2.222866007E2	5.111992380E1	7.395907193E0	2.888121009E2	0.000000000E0	-1.000000000E0	3.200483309E1	3.200483309E1
2.232866151E2	5.111992380E1	7.395907193E0	2.888121009E2	0.000000000E0	-1.000000000E0	3.200483309E1	3.200483309E1
2.242866293E2	5.111992380E1	7.395907193E0	2.888121009E2	0.000000000E0	-1.000000000E0	3.200483309E1	3.200483309E1
2.252866430E2	5.111992380E1	7.395907193E0	2.888121009E2	0.000000000E0	-1.000000000E0	3.200483309E1	3.200483309E1
2.262866575E2	5.111992380E1	7.395907193E0	2.888121009E2	0.000000000E0	-1.000000000E0	3.200483309E1	3.200483309E1
2.272866716E2	5.111992380E1	7.395907193E0	2.888121009E2	0.000000000E0	-1.000000000E0	3.200483309E1	3.200483309E1
2.282866853E2	5.111992380E1	7.395907193E0	2.888121009E2	0.000000000E0	-1.000000000E0	3.200483309E1	3.200483309E1
2.292867002E2	5.111992380E1	7.395907193E0	2.888121009E2	0.000000000E0	-1.000000000E0	3.200483309E1	3.200483309E1
2.302867143E2	5.111992380E1	7.395907193E0	2.888121009E2	0.000000000E0	-1.000000000E0	3.200483309E1	3.200483309E1
2.312867289E2	5.111992380E1	7.395907193E0	2.888121009E2	0.000000000E0	-1.000000000E0	3.200483309E1	3.200483309E1
2.322867427E2	5.111992380E1	7.395907193E0	2.888121009E2	0.000000000E0	-1.000000000E0	3.200483309E1	3.200483309E1
2.332867573E2	5.111992380E1	7.395907193E0	2.888121009E2	0.000000000E0	-1.000000000E0	3.200483309E1	3.200483309E1
2.342867708E2	5.111992380E1	7.395907193E0	2.888121009E2	0.000000000E0	-1.000000000E0	3.200483309E1	3.200483309E1
2.352867852E2	5.111992380E1	7.395907193E0	2.888121009E2	0.000000000E0	-1.000000000E0	3.200483309E1	3.200483309E1
2.362867991E2	5.111992380E1	7.395907193E0	2.888121009E2	0.000000000E0	-1.000000000E0	3.200483309E1	3.200483309E1
2.372868140E2	5.111992380E1	7.395907193E0	2.888121009E2	0.000000000E0	-1.000000000E0	3.200483309E1	3.200483309E1
2.382868274E2	5.111992380E1	7.395907193E0	2.888121009E2	0.000000000E0	-1.000000000E0	3.200483309E1	3.200483309E1
2.392868422E2	5.111992380E1	7.395907193E0	2.888121009E2	0.000000000E0	-1.000000000E0	3.200483309E1	3.200483309E1
2.402868555E2	5.111992380E1	7.395907193E0	2.888121009E2	0.000000000E0	-1.000000000E0	3.200483309E1	3.200483309E1
2.412868698E2	5.111992380E1	7.395907193E0	2.888121009E2	0.000000000E0	-1.000000000E0	3.200483309E1	3.200483309E1
2.422868847E2	5.111992380E1	7.395907193E0	2.888121009E2	0.000000000E0	-1.000000000E0	3.200483309E1	3.200483309E1
2.432868991E2	5.111992380E1	7.395907193E0	2.888121009E2	0.000000000E0	-1.000000000E0	3.200483309E1	3.200483309E1
2.442869127E2	5.111992380E1	7.395907193E0	2.888121009E2	0.000000000E0	-1.000000000E0	3.200483309E1	3.200483309E1
2.452869266E2	5.111992380E1	7.395907193E0	2.888121009E2	0.000000000E0	-1.000000000E0	3.200483309E1	3.200483309E1
2.462869414E2	5.111992380E1	7.395907193E0	2.888121009E2	0.000000000E0	-1.000000000E0	3.200483309E1	3.200483309E1
2.472869550E2	5.111992380E1	7.395907193E0	2.888121009E2	0.000000000E0	-1.000000000E0	3.200483309E1	3.200483309E1
2.482869695E2	5.111992780E1	7.395955688E0	2.888600731E2	3.857003152E-2	-1.000000000E0	3.200483309E1	3.200483309E1
2.492869841E2	5.111992681E1	7.395945328E0	2.885038963E2	4.759556428E-2	-1.000000000E0	3.200483309E1	3.200483309E1
2.502869974E2	5.111992667E1	7.395940078E0	2.885422716E2	8.858495951E-2	-1.000000000E0	3.200483309E1	3.200483309E1
2.512870120E2	5.111992833E1	7.395936914E0	2.885900544E2	1.682202518E-1	-1.000000000E0	3.200483309E1	3.200483309E1
2.522870265E2	5.111993068E1	7.395937079E0	2.886532250E2	1.682202518E-1	-1.000000000E0	3.200483309E1	3.200483309E1
2.532870401E2	5.111993633E1	7.395930992E0	2.887009056E2	2.221904397E-1	-1.000000000E0	3.200483309E1	3.200483309E1
2.542870545E2	5.111994135E1	7.395925040E0	2.888633000E2	6.483252048E-1	-1.000000000E0	3.200483309E1	3.200483309E1
2.552870687E2	5.111995298E1	7.395919006E0	2.890251358E2	6.483252048E-1	-1.000000000E0	3.200483309E1	3.200483309E1
2.562870831E2	5.111995298E1	7.395919006E0	2.890251358E2	0.000000000E0	-1.000000000E0	3.200483309E1	3.200483309E1
2.572870970E2	5.111995298E1	7.395919006E0	2.890251358E2	0.000000000E0	-1.000000000E0	3.200483309E1	3.200483309E1
2.582871115E2	5.111995298E1	7.395919006E0	2.890251358E2	0.000000000E0	-1.000000000E0	3.200483309E1	3.200483309E1
2.592871253E2	5.111995298E1	7.395919006E0	2.890251358E2	0.000000000E0	-1.000000000E0	3.200483309E1	3.200483309E1
2.602871393E2	5.111995298E1	7.395919006E0	2.890251358E2	0.000000000E0	-1.000000000E0	3.200483309E1	3.200483309E1
2.612871538E2	5.111995298E1	7.395919006E0	2.890251358E2	0.000000000E0	-1.000000000E0	3.200483309E1	3.200483309E1
2.622871675E2	5.111995298E1	7.395919006E0	2.890251358E2	0.000000000E0	-1.000000000E0	3.200483309E1	3.200483309E1
2.632871823E2	5.111995298E1	7.395919006E0	2.890251358E2	0.000000000E0	-1.000000000E0	3.200483309E1	3.200483309E1
2.642871960E2	5.111995298E1	7.395919006E0	2.890251358E2	0.000000000E0	-1.000000000E0	3.200483309E1	3.200483309E1
2.652872101E2	5.111995298E1	7.395919006E0	2.890251358E2	0.000000000E0	-1.000000000E0	3.200483309E1	3.200483309E1
2.662872249E2	5.111995298E1	7.395919006E0	2.890251358E2	0.000000000E0	-1.000000000E0	3.200483309E1	3.200483309E1
2.672872387E2	5.111995298E1	7.395919006E0	2.890251358E2	0.000000000E0	-1.000000000E0	3.200483309E1	3.200483309E1
2.682872529E2	5.111995298E1	7.395919006E0	2.890251358E2	0.000000000E0	-1.000000000E0	3.200483309E1	3.200483309E1
2.692872672E2	5.111995298E1	7.395919006E0	2.890251358E2	0.000000000E0	-1.000000000E0	3.200483309E1	3.200483309E1
2.702872812E2	5.111995298E1	7.395919006E0	2.890251358E2	0.000000000E0	-1.000000000E0	3.200483309E1	3.200483309E1
2.712872952E2	5.111995298E1	7.395919006E0	2.890251358E2	0.000000000E0	-1.000000000E0	3.200483309E1	3.200483309E1
2.722873096E2	5.111995298E1	7.395919006E0	2.890251358E2	0.000000000E0	-1.000000000E0	3.200483309E1	3.200483309E1
2.732873242E2	5.111995298E1	7.395919006E0	2.890251358E2	0.000000000E0	-1.000000000E0	3.200483309E1	3.200483309E1
2.742873379E2	5.111995298E1	7.395919006E0	2.890251358E2	0.000000000E0	-1.000000000E0	3.200483309E1	3.200483309E1
2.752873521E2	5.111995298E1	7.395919006E0	2.890251358E2	0.000000000E0	-1.000000000E0	3.200483309E1	3.200483309E1
2.762873659E2	5.111995298E1	7.395919006E0	2.890251358E2	0.000000000E0	-1.000000000E0	3.200483309E1	3.200483309E1
2.772873805E2	5.111995298E1	7.395919006E0	2.890251358E2	0.000000000E0	-1.000000000E0	3.200483309E1	3.200483309E1
2.782873950E2	5.111995298E1	7.395919006E0	2.890251358E2	0.000000000E0	-1.000000000E0	3.200483309E1	3.200483309E1
2.792874085E2	5.111995298E1	7.395919006E0	2.890251358E2	0.000000000E0	-1.000000000E0	3.200483309E1	3.200483309E1
2.802874237E2	5.111995298E1	7.395919006E0	2.890251358E2	0.000000000E0	-1.000000000E0	3.200483309E1	3.200483309E1
2.812874371E2	5.111995298E1	7.395919006E0	2.890251358E2	0.000000000E0	-1.000000000E0	3.200483309E1	3.200483309E1
2.822874515E2	5.111995298E1	7.395919006E0	2.890251358E2	0.000000000E0	-1.000000000E0	3.200483309E1	3.200483309E1
2.832874653E2	5.111995298E1	7.395919006E0	2.890251358E2	0.000000000E0	-1.000000000E0	3.200483309E1	3.200483309E1
2.842874798E2	5.111995298E1	7.395919006E0	2.890251358E2	0.000000000E0	-1.000000000E0	3.200483309E1	3.200483309E1
2.852874941E2	5.111995298E1	7.395919006E0	2.890251358E2	0.000000000E0	-1.000000000E0	3.200483309E1	3.200483309E1
2.862875084E2	5.111995298E1	7.395919006E0	2.890251358E2	0.000000000E0	-1.000000000E0	3.200483309E1	3.200483309E1
2.872875230E2	5.111996574E1	7.395952183E0	2.893419762E2	1.083594188E-1	-1.000000000E0	3.200483309E1	3.200483309E1
2.882875366E2	5.111996573E1	7.395949861E0	2.892681755E2	2.080223560E-1	-1.000000000E0	3.200483309E1	3.200483309E1
2.892875506E2	5.111996552E1	7.395951680E0	2.892821364E2	2.385702729E-1	-1.000000000E0	3.200483309E1	3.200483309E1
2.902875646E2	5.111996833E1	7.395952954E0	2.892627958E2	2.328792661E-1	-1.000000000E0	3.200483309E1	3.200483309E1
2.912875788E2	5.111996833E1	7.395952954E0	2.892627958E2	0.000000000E0	-1.000000000E0	3.200483309E1	3.200483309E1
2.922875936E2	5.111996833E1	7.395952954E0	2.892627958E2	0.000000000E0	-1.000000000E0	3.200483309E1	3.200483309E1
2.932876070E2	5.111996833E1	7.395952954E0	2.892627958E2	0.000000000E0	-1.000000000E0	3.200483309E1	3.200483309E1
2.942876214E2	5.111996833E1	7.395952954E0	2.892627958E2	0.000000000E0	-1.000000000E0	3.200483309E1	3.200483309E1
2.952876354E2	5.111996833E1	7.395952954E0	2.892627958E2	0.000000000E0	-1.000000000E0	3.200483309E1	3.200483309E1
2.962876503E2	5.111996833E1	7.395952954E0	2.892627958E2	0.000000000E0	-1.000000000E0	3.200483309E1	3.200483309E1
2.972876644E2	5.111996833E1	7.395952954E0	2.892627958E2	0.000000000E0	-1.000000000E0	3.200483309E1	3.200483309E1
2.982876784E2	5.111996833E1	7.395952954E0	2.892627958E2	0.000000000E0	-1.000000000E0	3.200483309E1	3.200483309E1
2.992876922E2	5.111996833E1	7.395952954E0	2.892627958E2	0.000000000E0	-1.000000000E0	3.200483309E1	3.200483309E1
3.002877067E2	5.111996833E1	7.395952954E0	2.892627958E2	0.000000000E0	-1.000000000E0	3.200483309E1	3.200483309E1
3.012877214E2	5.111996833E1	7.395952954E0	2.892627958E2	0.000000000E0	-1.000000000E0	3.200483309E1	3.200483309E1
3.022877355E2	5.111996833E1	7.395952954E0	2.892627958E2	0.000000000E0	-1.000000000E0	3.200483309E1	3.200483309E1
3.032877489E2	5.111996833E1	7.395952954E0	2.892627958E2	0.000000000E0	-1.000000000E0	3.200483309E1	3.200483309E1
3.042877630E2	5.111996833E1	7.395952954E0	2.892627958E2	0.000000000E0	-1.000000000E0	3.200483309E1	3.200483309E1
3.052877774E2	5.111996833E1	7.395952954E0	2.892627958E2	0.000000000E0	-1.000000000E0	3.200483309E1	3.200483309E1
3.062877914E2	5.111996833E1	7.395952954E0	2.892627958E2	0.000000000E0	-1.000000000E0	3.200483309E1	3.200483309E1
3.072878057E2	5.111996833E1	7.395952954E0	2.892627958E2	0.000000000E0	-1.000000000E0	3.200483309E1	3.200483309E1
3.082878203E2	5.111996833E1	7.395952954E0	2.892627958E2	0.000000000E0	-1.000000000E0	3.200483309E1	3.200483309E1
3.092878339E2	5.111996833E1	7.395952954E0	2.892627958E2	0.000000000E0	-1.000000000E0	3.200483309E1	3.200483309E1
3.102878481E2	5.111996833E1	7.395952954E0	2.892627958E2	0.000000000E0	-1.000000000E0	3.200483309E1	3.200483309E1
3.112878630E2	5.111996833E1	7.395952954E0	2.892627958E2	0.000000000E0	-1.000000000E0	3.200483309E1	3.200483309E1
3.122878772E2	5.111996833E1	7.395952954E0	2.892627958E2	0.000000000E0	-1.000000000E0	3.200483309E1	3.200483309E1
3.132878907E2	5.111996833E1	7.395952954E0	2.892627958E2	0.000000000E0	-1.000000000E0	3.200483309E1	3.200483309E1
3.142879051E2	5.111996833E1	7.395952954E0	2.892627958E2	0.000000000E0	-1.000000000E0	3.200483309E1	3.200483309E1
3.152879192E2	5.111996833E1	7.395952954E0	2.892627958E2	0.000000000E0	-1.000000000E0	3.200483309E1	3.200483309E1
3.162879337E2	5.111996833E1	7.395952954E0	2.892627958E2	0.000000000E0	-1.000000000E0	3.200483309E1	3.200483309E1
3.172879475E2	5.111996833E1	7.395952954E0	2.892627958E2	0.000000000E0	-1.000000000E0	3.200483309E1	3.200483309E1
3.182879618E2	5.111996833E1	7.395952954E0	2.892627958E2	0.000000000E0	-1.000000000E0	3.200483309E1	3.200483309E1
3.192879757E2	5.111996833E1	7.395952954E0	2.892627958E2	0.000000000E0	-1.000000000E0	3.200483309E1	3.200483309E1
3.202879905E2	5.111996833E1	7.395952954E0	2.892627958E2	0.000000000E0	-1.000000000E0	3.200483309E1	3.200483309E1
3.212880046E2	5.111996833E1	7.395952954E0	2.892627958E2	0.000000000E0	-1.000000000E0	3.200483309E1	3.200483309E1
3.222880187E2	5.111996833E1	7.395952954E0	2.892627958E2	0.000000000E0	-1.000000000E0	3.200483309E1	3.200483309E1
3.232880327E2	5.111996833E1	7.395952954E0	2.892627958E2	0.000000000E0	-1.000000000E0	3.200483309E1	3.200483309E1
3.242880473E2	5.111996833E1	7.395952954E0	2.892627958E2	0.000000000E0	-1.000000000E0	3.200483309E1	3.200483309E1
3.252880610E2	5.111996833E1	7.395952954E0	2.892627958E2	0.000000000E0	-1.000000000E0	3.200483309E1	3.200483309E1
3.262880756E2	5.111996833E1	7.395952954E0	2.892627958E2	0.000000000E0	-1.000000000E0	3.200483309E1	3.200483309E1
3.272880898E2	5.111996833E1	7.395952954E0	2.892627958E2	0.000000000E0	-1.000000000E0	3.200483309E1	3.200483309E1
3.282881031E2	5.111996833E1	7.395952954E0	2.892627958E2	0.000000000E0	-1.000000000E0	3.200483309E1	3.200483309E1
3.292881181E2	5.111996833E1	7.395952954E0	2.892627958E2	0.000000000E0	-1.000000000E0	3.200483309E1	3.200483309E1
3.302881317E2	5.111996833E1	7.395952954E0	2.892627958E2	0.000000000E0	-1.000000000E0	3.200483309E1	3.200483309E1
3.312881460E2	5.111996833E1	7.395952954E0	2.892627958E2	0.000000000E0	-1.000000000E0	3.200483309E1	3.200483309E1
3.322881598E2	5.111996833E1	7.395952954E0	2.892627958E2	0.000000000E0	-1.000000000E0	3.200483309E1	3.200483309E1
3.332881742E2	5.111996833E1	7.395952954E0	2.892627958E2	0.000000000E0	-1.000000000E0	3.200483309E1	3.200483309E1
3.342881886E2	5.111996833E1	7.395952954E0	2.892627958E2	0.000000000E0	-1.000000000E0	3.200483309E1	3.200483309E1
3.352882024E2	5.111996833E1	7.395952954E0	2.892627958E2	0.000000000E0	-1.000000000E0	3.200483309E1	3.200483309E1
3.362882172E2	5.111996833E1	7.395952954E0	2.892627958E2	0.000000000E0	-1.000000000E0	3.200483309E1	3.200483309E1
3.372882308E2	5.111996833E1	7.395952954E0	2.892627958E2	0.000000000E0	-1.000000000E0	3.200483309E1	3.200483309E1
3.382882456E2	5.111996833E1	7.395952954E0	2.892627958E2	0.000000000E0	-1.000000000E0	3.200483309E1	3.200483309E1
3.392882593E2	5.111996833E1	7.395952954E0	2.892627958E2	0.000000000E0	-1.000000000E0	3.200483309E1	3.200483309E1
3.402882733E2	5.111996833E1	7.395952954E0	2.892627958E2	-1.000000000E0	-1.000000000E0	3.200483309E1	3.200483309E1
3.412882876E2	5.111996833E1	7.395952954E0	2.892627958E2	-1.000000000E0	-1.000000000E0	3.200483309E1	3.200483309E1
3.422883024E2	5.111996833E1	7.395952954E0	2.892627958E2	-1.000000000E0	-1.000000000E0	3.200483309E1	3.200483309E1
3.432883165E2	5.111996833E1	7.395952954E0	2.892627958E2	-1.000000000E0	-1.000000000E0	3.200483309E1	3.200483309E1
3.442883302E2	5.111996833E1	7.395952954E0	2.892627958E2	-1.000000000E0	-1.000000000E0	3.200483309E1	3.200483309E1
3.452883450E2	5.111996833E1	7.395952954E0	2.892627958E2	-1.000000000E0	-1.000000000E0	3.200483309E1	3.200483309E1
3.462883592E2	5.111996833E1	7.395952954E0	2.892627958E2	0.000000000E0	-1.000000000E0	3.200483309E1	3.200483309E1
3.472883726E2	5.111996833E1	7.395952954E0	2.892627958E2	0.000000000E0	-1.000000000E0	3.200483309E1	3.200483309E1
3.482883868E2	5.111996833E1	7.395952954E0	2.892627958E2	0.000000000E0	-1.000000000E0	3.200483309E1	3.200483309E1
3.492884015E2	5.111996833E1	7.395952954E0	2.892627958E2	0.000000000E0	-1.000000000E0	3.200483309E1	3.200483309E1
3.502884151E2	5.111996833E1	7.395952954E0	2.892627958E2	0.000000000E0	-1.000000000E0	3.200483309E1	3.200483309E1
3.512884297E2	5.111996833E1	7.395952954E0	2.892627958E2	0.000000000E0	-1.000000000E0	3.200483309E1	3.200483309E1
3.522884440E2	5.111996833E1	7.395952954E0	2.892627958E2	0.000000000E0	-1.000000000E0	3.200483309E1	3.200483309E1
3.532884578E2	5.111996833E1	7.395952954E0	2.892627958E2	0.000000000E0	-1.000000000E0	3.200483309E1	3.200483309E1
3.542884722E2	5.111996833E1	7.395952954E0	2.892627958E2	0.000000000E0	-1.000000000E0	3.200483309E1	3.200483309E1
3.552884862E2	5.111996833E1	7.395952954E0	2.892627958E2	0.000000000E0	-1.000000000E0	3.200483309E1	3.200483309E1
3.562885007E2	5.111996833E1	7.395952954E0	2.892627958E2	0.000000000E0	-1.000000000E0	3.200483309E1	3.200483309E1
3.572885150E2	5.111996833E1	7.395952954E0	2.892627958E2	0.000000000E0	-1.000000000E0	3.200483309E1	3.200483309E1
3.582885287E2	5.111996833E1	7.395952954E0	2.892627958E2	0.000000000E0	-1.000000000E0	3.200483309E1	3.200483309E1
3.592885435E2	5.111996833E1	7.395952954E0	2.892627958E2	0.000000000E0	-1.000000000E0	3.200483309E1	3.200483309E1
3.602885576E2	5.111996833E1	7.395952954E0	2.892627958E2	0.000000000E0	-1.000000000E0	3.200483309E1	3.200483309E1
3.612885714E2	5.111996833E1	7.395952954E0	2.892627958E2	0.000000000E0	-1.000000000E0	3.200483309E1	3.200483309E1
3.622885854E2	5.111996833E1	7.395952954E0	2.892627958E2	0.000000000E0	-1.000000000E0	3.200483309E1	3.200483309E1
3.632885995E2	5.111996833E1	7.395952954E0	2.892627958E2	0.000000000E0	-1.000000000E0	3.200483309E1	3.200483309E1
3.642886145E2	5.111996833E1	7.395952954E0	2.892627958E2	0.000000000E0	-1.000000000E0	3.200483309E1	3.200483309E1
3.652886285E2	5.111996833E1	7.395952954E0	2.892627958E2	0.000000000E0	-1.000000000E0	3.200483309E1	3.200483309E1
3.662886425E2	5.111996833E1	7.395952954E0	2.892627958E2	0.000000000E0	-1.000000000E0	3.200483309E1	3.200483309E1
3.672886565E2	5.111996833E1	7.395952954E0	2.892627958E2	0.000000000E0	-1.000000000E0	3.200483309E1	3.200483309E1
3.682886709E2	5.111996833E1	7.395952954E0	2.892627958E2	0.000000000E0	-1.000000000E0	3.200483309E1	3.200483309E1
3.692886844E2	5.111998136E1	7.395989205E0	2.893038292E2	1.447348297E-1	-1.000000000E0	3.200483309E1	3.200483309E1
3.702886988E2	5.111998355E1	7.395993147E0	2.891944878E2	2.371280193E-1	-1.000000000E0	3.200483309E1	3.200483309E1
3.712887136E2	5.111998571E1	7.396000826E0	2.891846248E2	2.325461060E-1	-1.000000000E0	3.200483309E1	3.200483309E1
3.722887272E2	5.111998560E1	7.396014215E0	2.891482625E2	2.371280193E-1	-1.000000000E0	3.200483309E1	3.200483309E1
3.732887412E2	5.111998560E1	7.396014215E0	2.891482625E2	0.000000000E0	-1.000000000E0	3.200483309E1	3.200483309E1
3.742887552E2	5.111998560E1	7.396014215E0	2.891482625E2	0.000000000E0	-1.000000000E0	3.200483309E1	3.200483309E1
3.752887703E2	5.111998560E1	7.396014215E0	2.891482625E2	0.000000000E0	-1.000000000E0	3.200483309E1	3.200483309E1
3.762887841E2	5.111998560E1	7.396014215E0	2.891482625E2	0.000000000E0	-1.000000000E0	3.200483309E1	3.200483309E1
3.772887980E2	5.111998560E1	7.396014215E0	2.891482625E2	0.000000000E0	-1.000000000E0	3.200483309E1	3.200483309E1
3.782888128E2	5.111998560E1	7.396014215E0	2.891482625E2	0.000000000E0	-1.000000000E0	3.200483309E1	3.200483309E1
3.792888263E2	5.111998560E1	7.396014215E0	2.891482625E2	0.000000000E0	-1.000000000E0	3.200483309E1	3.200483309E1
3.802888411E2	5.111998560E1	7.396014215E0	2.891482625E2	0.000000000E0	-1.000000000E0	3.200483309E1	3.200483309E1
3.812888546E2	5.111998560E1	7.396014215E0	2.891482625E2	0.000000000E0	-1.000000000E0	3.200483309E1	3.200483309E1
3.822888696E2	5.111998560E1	7.396014215E0	2.891482625E2	0.000000000E0	-1.000000000E0	3.200483309E1	3.200483309E1
3.832888830E2	5.111998560E1	7.396014215E0	2.891482625E2	0.000000000E0	-1.000000000E0	3.200483309E1	3.200483309E1
3.842888973E2	5.111998560E1	7.396014215E0	2.891482625E2	0.000000000E0	-1.000000000E0	3.200483309E1	3.200483309E1
3.852889117E2	5.111998560E1	7.396014215E0	2.891482625E2	0.000000000E0	-1.000000000E0	3.200483309E1	3.200483309E1
3.862889254E2	5.111998560E1	7.396014215E0	2.891482625E2	0.000000000E0	-1.000000000E0	3.200483309E1	3.200483309E1
3.872889405E2	5.111998560E1	7.396014215E0	2.891482625E2	0.000000000E0	-1.000000000E0	3.200483309E1	3.200483309E1
3.882889547E2	5.111998560E1	7.396014215E0	2.891482625E2	0.000000000E0	-1.000000000E0	3.200483309E1	3.200483309E1
3.892889678E2	5.111998560E1	7.396014215E0	2.891482625E2	0.000000000E0	-1.000000000E0	3.200483309E1	3.200483309E1
3.902889829E2	5.111998560E1	7.396014215E0	2.891482625E2	0.000000000E0	-1.000000000E0	3.200483309E1	3.200483309E1
3.912889967E2	5.111998560E1	7.396014215E0	2.891482625E2	0.000000000E0	-1.000000000E0	3.200483309E1	3.200483309E1
3.922890112E2	5.111998560E1	7.396014215E0	2.891482625E2	0.000000000E0	-1.000000000E0	3.200483309E1	3.200483309E1
3.932890253E2	5.111998560E1	7.396014215E0	2.891482625E2	0.000000000E0	-1.000000000E0	3.200483309E1	3.200483309E1
3.942890389E2	5.111998560E1	7.396014215E0	2.891482625E2	0.000000000E0	-1.000000000E0	3.200483309E1	3.200483309E1
3.952890536E2	5.111998560E1	7.396014215E0	2.891482625E2	0.000000000E0	-1.000000000E0	3.200483309E1	3.200483309E1
3.962890681E2	5.111998560E1	7.396014215E0	2.891482625E2	0.000000000E0	-1.000000000E0	3.200483309E1	3.200483309E1
3.972890821E2	5.111998560E1	7.396014215E0	2.891482625E2	0.000000000E0	-1.000000000E0	3.200483309E1	3.200483309E1
3.982890956E2	5.111998560E1	7.396014215E0	2.891482625E2	-1.000000000E0	-1.000000000E0	3.200483309E1	3.200483309E1
3.992891101E2	5.111998560E1	7.396014215E0	2.891482625E2	0.000000000E0	-1.000000000E0	3.200483309E1	3.200483309E1
4.002891243E2	5.111998560E1	7.396014215E0	2.891482625E2	0.000000000E0	-1.000000000E0	3.200483309E1	3.200483309E1
4.012891384E2	5.111998560E1	7.396014215E0	2.891482625E2	0.000000000E0	-1.000000000E0	3.200483309E1	3.200483309E1
4.022891526E2	5.111998560E1	7.396014215E0	2.891482625E2	0.000000000E0	-1.000000000E0	3.200483309E1	3.200483309E1
4.032891673E2	5.111998560E1	7.396014215E0	2.891482625E2	0.000000000E0	-1.000000000E0	3.200483309E1	3.200483309E1
4.042891806E2	5.111998560E1	7.396014215E0	2.891482625E2	0.000000000E0	-1.000000000E0	3.200483309E1	3.200483309E1
4.052891951E2	5.111998560E1	7.396014215E0	2.891482625E2	0.000000000E0	-1.000000000E0	3.200483309E1	3.200483309E1
4.062892100E2	5.111998560E1	7.396014215E0	2.891482625E2	0.000000000E0	-1.000000000E0	3.200483309E1	3.200483309E1
4.072892231E2	5.111998560E1	7.396014215E0	2.891482625E2	0.000000000E0	-1.000000000E0	3.200483309E1	3.200483309E1
4.082892375E2	5.111998560E1	7.396014215E0	2.891482625E2	0.000000000E0	-1.000000000E0	3.200483309E1	3.200483309E1
4.092892520E2	5.111998560E1	7.396014215E0	2.891482625E2	0.000000000E0	-1.000000000E0	3.200483309E1	3.200483309E1
4.102892661E2	5.111998560E1	7.396014215E0	2.891482625E2	0.000000000E0	-1.000000000E0	3.200483309E1	3.200483309E1
4.112892805E2	5.111998560E1	7.396014215E0	2.891482625E2	0.000000000E0	-1.000000000E0	3.200483309E1	3.200483309E1
4.122892947E2	5.111998560E1	7.396014215E0	2.891482625E2	0.000000000E0	-1.000000000E0	3.200483309E1	3.200483309E1
4.132893083E2	5.111998560E1	7.396014215E0	2.891482625E2	0.000000000E0	-1.000000000E0	3.200483309E1	3.200483309E1
4.142893225E2	5.111998560E1	7.396014215E0	2.891482625E2	-1.000000000E0	-1.000000000E0	3.200483309E1	3.200483309E1
4.152893369E2	5.111998560E1	7.396014215E0	2.891482625E2	0.000000000E0	-1.000000000E0	3.200483309E1	3.200483309E1
4.162893507E2	5.111998560E1	7.396014215E0	2.891482625E2	0.000000000E0	-1.000000000E0	3.200483309E1	3.200483309E1
4.172893654E2	5.111998560E1	7.396014215E0	2.891482625E2	0.000000000E0	-1.000000000E0	3.200483309E1	3.200483309E1
4.182893795E2	5.111998560E1	7.396014215E0	2.891482625E2	0.000000000E0	-1.000000000E0	3.200483309E1	3.200483309E1
4.192893943E2	5.111998560E1	7.396014215E0	2.891482625E2	0.000000000E0	-1.000000000E0	3.200483309E1	3.200483309E1
4.202894075E2	5.111998560E1	7.396014215E0	2.891482625E2	0.000000000E0	-1.000000000E0	3.200483309E1	3.200483309E1
4.212894220E2	5.111998560E1	7.396014215E0	2.891482625E2	0.000000000E0	-1.000000000E0	3.200483309E1	3.200483309E1
4.222894360E2	5.111998560E1	7.396014215E0	2.891482625E2	0.000000000E0	-1.000000000E0	3.200483309E1	3.200483309E1
4.232894504E2	5.111998560E1	7.396014215E0	2.891482625E2	0.000000000E0	-1.000000000E0	3.200483309E1	3.200483309E1
4.242894641E2	5.111998560E1	7.396014215E0	2.891482625E2	0.000000000E0	-1.000000000E0	3.200483309E1	3.200483309E1
4.252894783E2	5.111998560E1	7.396014215E0	2.891482625E2	0.000000000E0	-1.000000000E0	3.200483309E1	3.200483309E1
4.262894932E2	5.111998560E1	7.396014215E0	2.891482625E2	0.000000000E0	-1.000000000E0	3.200483309E1	3.200483309E1
4.272895073E2	5.111998560E1	7.396014215E0	2.891482625E2	0.000000000E0	-1.000000000E0	3.200483309E1	3.200483309E1
4.282895216E2	5.111998560E1	7.396014215E0	2.891482625E2	0.000000000E0	-1.000000000E0	3.200483309E1	3.200483309E1
4.292895358E2	5.111998560E1	7.396014215E0	2.891482625E2	0.000000000E0	-1.000000000E0	3.200483309E1	3.200483309E1
4.302895494E2	5.111998560E1	7.396014215E0	2.891482625E2	0.000000000E0	-1.000000000E0	3.200483309E1	3.200483309E1
4.312895640E2	5.111998560E1	7.396014215E0	2.891482625E2	0.000000000E0	-1.000000000E0	3.200483309E1	3.200483309E1
4.322895778E2	5.111998560E1	7.396014215E0	2.891482625E2	0.000000000E0	-1.000000000E0	3.200483309E1	3.200483309E1
4.332895919E2	5.111998560E1	7.396014215E0	2.891482625E2	0.000000000E0	-1.000000000E0	3.200483309E1	3.200483309E1
4.342896060E2	5.111998560E1	7.396014215E0	2.891482625E2	0.000000000E0	-1.000000000E0	3.200483309E1	3.200483309E1
4.352896200E2	5.111998560E1	7.396014215E0	2.891482625E2	0.000000000E0	-1.000000000E0	3.200483309E1	3.200483309E1
4.362896346E2	5.111998560E1	7.396014215E0	2.891482625E2	0.000000000E0	-1.000000000E0	3.200483309E1	3.200483309E1
4.372896484E2	5.111998560E1	7.396014215E0	2.891482625E2	0.000000000E0	-1.000000000E0	3.200483309E1	3.200483309E1
4.382896626E2	5.111998560E1	7.396014215E0	2.891482625E2	0.000000000E0	-1.000000000E0	3.200483309E1	3.200483309E1
4.392896768E2	5.111998560E1	7.396014215E0	2.891482625E2	0.000000000E0	-1.000000000E0	3.200483309E1	3.200483309E1
4.402896916E2	5.111998560E1	7.396014215E0	2.891482625E2	0.000000000E0	-1.000000000E0	3.200483309E1	3.200483309E1
4.412897053E2	5.111998560E1	7.396014215E0	2.891482625E2	-1.000000000E0	-1.000000000E0	3.200483309E1	3.200483309E1
4.422897203E2	5.111998560E1	7.396014215E0	2.891482625E2	0.000000000E0	-1.000000000E0	3.200483309E1	3.200483309E1
4.438523588E2	5.111998560E1	7.396014215E0	2.891482625E2	0.000000000E0	-1.000000000E0	3.200483309E1	3.200483309E1
4.448523715E2	5.111998560E1	7.396014215E0	2.891482625E2	0.000000000E0	-1.000000000E0	3.200483309E1	3.200483309E1
4.458509614E2	5.111998560E1	7.396014215E0	2.891482625E2	0.000000000E0	-1.000000000E0	3.200483309E1	3.200483309E1
4.468496311E2	5.111998560E1	7.396014215E0	2.891482625E2	0.000000000E0	-1.000000000E0	3.200483309E1	3.200483309E1
4.478482856E2	5.111998560E1	7.396014215E0	2.891482625E2	-1.000000000E0	-1.000000000E0	3.200483309E1	3.200483309E1
4.488469390E2	5.111998560E1	7.396014215E0	2.891482625E2	-1.000000000E0	-1.000000000E0	3.200483309E1	3.200483309E1
4.498457550E2	5.111998560E1	7.396014215E0	2.891482625E2	-1.000000000E0	-1.000000000E0	3.200483309E1	3.200483309E1
4.508445793E2	5.111998560E1	7.396014215E0	2.891482625E2	-1.000000000E0	-1.000000000E0	4.800724964E1	4.800724964E1
4.518435404E2	5.111998560E1	7.396014215E0	2.891482625E2	-1.000000000E0	-1.000000000E0	4.800724964E1	4.800724964E1
4.528425874E2	5.111998560E1	7.396014215E0	2.891482625E2	0.000000000E0	-1.000000000E0	4.800724964E1	4.800724964E1
4.538416922E2	5.111998560E1	7.396014215E0	2.891482625E2	0.000000000E0	-1.000000000E0	4.800724964E1	4.800724964E1
4.548408102E2	5.111998560E1	7.396014215E0	2.891482625E2	0.000000000E0	-1.000000000E0	3.200483309E1	3.200483309E1
4.558400295E2	5.111998560E1	7.396014215E0	2.891482625E2	-1.000000000E0	-1.000000000E0	3.200483309E1	3.200483309E1
4.568393103E2	5.111998560E1	7.396014215E0	2.891482625E2	-1.000000000E0	-1.000000000E0	3.200483309E1	3.200483309E1
4.578386345E2	5.111998560E1	7.396014215E0	2.891482625E2	-1.000000000E0	-1.000000000E0	3.200483309E1	3.200483309E1
4.588379660E2	5.111998560E1	7.396014215E0	2.891482625E2	-1.000000000E0	-1.000000000E0	3.200483309E1	3.200483309E1
4.598373806E2	5.111998560E1	7.396014215E0	2.891482625E2	0.000000000E0	-1.000000000E0	3.200483309E1	3.200483309E1
4.608368348E2	5.111998560E1	7.396014215E0	2.891482625E2	-1.000000000E0	-1.000000000E0	3.200483309E1	3.200483309E1
4.618363315E2	5.111998560E1	7.396014215E0	2.891482625E2	0.000000000E0	-1.000000000E0	3.200483309E1	3.200483309E1
4.628358688E2	5.111998560E1	7.396014215E0	2.891482625E2	0.000000000E0	-1.000000000E0	3.200483309E1	3.200483309E1
4.638354293E2	5.111998560E1	7.396014215E0	2.891482625E2	0.000000000E0	-1.000000000E0	3.200483309E1	3.200483309E1
4.648350222E2	5.111998560E1	7.396014215E0	2.891482625E2	0.000000000E0	-1.000000000E0	3.200483309E1	3.200483309E1
4.658346393E2	5.111998560E1	7.396014215E0	2.891482625E2	0.000000000E0	-1.000000000E0	3.200483309E1	3.200483309E1
4.668342836E2	5.111998560E1	7.396014215E0	2.891482625E2	0.000000000E0	-1.000000000E0	3.200483309E1	3.200483309E1
4.678339502E2	5.111998560E1	7.396014215E0	2.891482625E2	0.000000000E0	-1.000000000E0	3.200483309E1	3.200483309E1
4.688336376E2	5.111998560E1	7.396014215E0	2.891482625E2	0.000000000E0	-1.000000000E0	3.200483309E1	3.200483309E1
4.698333455E2	5.111998560E1	7.396014215E0	2.891482625E2	-1.000000000E0	-1.000000000E0	3.200483309E1	3.200483309E1
4.708330716E2	5.111998560E1	7.396014215E0	2.891482625E2	-1.000000000E0	-1.000000000E0	3.200483309E1	3.200483309E1
4.718328212E2	5.111998560E1	7.396014215E0	2.891482625E2	0.000000000E0	-1.000000000E0	3.200483309E1	3.200483309E1
4.728325806E2	5.111998560E1	7.396014215E0	2.891482625E2	-1.000000000E0	-1.000000000E0	3.200483309E1	3.200483309E1
4.738323567E2	5.111998560E1	7.396014215E0	2.891482625E2	-1.000000000E0	-1.000000000E0	3.200483309E1	3.200483309E1
4.748321489E2	5.111998560E1	7.396014215E0	2.891482625E2	-1.000000000E0	-1.000000000E0	3.200483309E1	3.200483309E1
4.758319557E2	5.111998560E1	7.396014215E0	2.891482625E2	-1.000000000E0	-1.000000000E0	3.200483309E1	3.200483309E1
4.768317742E2	5.111998560E1	7.396014215E0	2.891482625E2	-1.000000000E0	-1.000000000E0	3.200483309E1	3.200483309E1
4.778316026E2	5.111998560E1	7.396014215E0	2.891482625E2	-1.000000000E0	-1.000000000E0	3.200483309E1	3.200483309E1
4.788314455E2	5.111998560E1	7.396014215E0	2.891482625E2	-1.000000000E0	-1.000000000E0	3.200483309E1	3.200483309E1
4.798312966E2	5.111998560E1	7.396014215E0	2.891482625E2	-1.000000000E0	-1.000000000E0	3.200483309E1	3.200483309E1
4.808311605E2	5.111998560E1	7.396014215E0	2.891482625E2	-1.000000000E0	-1.000000000E0	3.200483309E1	3.200483309E1
4.818310298E2	5.111998560E1	7.396014215E0	2.891482625E2	-1.000000000E0	-1.000000000E0	3.200483309E1	3.200483309E1
4.828309104E2	5.111998560E1	7.396014215E0	2.891482625E2	-1.000000000E0	-1.000000000E0	3.200483309E1	3.200483309E1
4.838307991E2	5.111998560E1	7.396014215E0	2.891482625E2	-1.000000000E0	-1.000000000E0	3.200483309E1	3.200483309E1
4.848306963E2	5.111998560E1	7.396014215E0	2.891482625E2	0.000000000E0	-1.000000000E0	3.200483309E1	3.200483309E1
4.858305987E2	5.111998560E1	7.396014215E0	2.891482625E2	-1.000000000E0	-1.000000000E0	4.800724964E1	4.800724964E1
4.868305086E2	5.111998560E1	7.396014215E0	2.891482625E2	-1.000000000E0	-1.000000000E0	4.800724964E1	4.800724964E1
4.878304250E2	5.111998560E1	7.396014215E0	2.891482625E2	-1.000000000E0	-1.000000000E0	4.800724964E1	4.800724964E1
4.888303488E2	5.111998560E1	7.396014215E0	2.891482625E2	-1.000000000E0	-1.000000000E0	4.800724964E1	4.800724964E1
4.898302759E2	5.111998560E1	7.396014215E0	2.891482625E2	-1.000000000E0	-1.000000000E0	4.800724964E1	4.800724964E1
4.908302091E2	5.111998560E1	7.396014215E0	2.891482625E2	-1.000000000E0	-1.000000000E0	4.800724964E1	4.800724964E1
4.918301475E2	5.111998467E1	7.396028015E0	2.779923056E2	4.791806638E-2	-1.000000000E0	4.800724964E1	4.800724964E1
4.928300899E2	5.111998914E1	7.396039814E0	2.877514336E2	-1.000000000E0	-1.000000000E0	4.800724964E1	4.800724964E1
4.938300370E2	5.111999183E1	7.396056653E0	2.853159438E2	-1.000000000E0	-1.000000000E0	3.200483309E1	3.200483309E1
4.948299879E2	5.111999126E1	7.396082789E0	2.835298678E2	4.362936318E-1	-1.000000000E0	3.200483309E1	3.200483309E1
4.958299421E2	5.111997685E1	7.396102794E0	2.878913897E2	-1.000000000E0	-1.000000000E0	3.200483309E1	3.200483309E1
4.968299018E2	5.111997685E1	7.396102794E0	2.878913897E2	-1.000000000E0	-1.000000000E0	3.200483309E1	3.200483309E1
4.978298637E2	5.111997685E1	7.396102794E0	2.878913897E2	-1.000000000E0	-1.000000000E0	3.200483309E1	3.200483309E1
4.988298275E2	5.111997685E1	7.396102794E0	2.878913897E2	0.000000000E0	-1.000000000E0	3.200483309E1	3.200483309E1
4.998297951E2	5.111997685E1	7.396102794E0	2.878913897E2	0.000000000E0	-1.000000000E0	3.200483309E1	3.200483309E1
5.008297660E2	5.111995708E1	7.396099579E0	2.878449620E2	-1.000000000E0	-1.000000000E0	3.200483309E1	3.200483309E1
5.018297389E2	5.111995459E1	7.396094549E0	2.856555283E2	-1.000000000E0	-1.000000000E0	3.200483309E1	3.200483309E1
5.028297144E2	5.111995449E1	7.396092464E0	2.839528603E2	-1.000000000E0	-1.000000000E0	3.200483309E1	3.200483309E1
5.038296920E2	5.111994617E1	7.396080936E0	2.826566850E2	-1.000000000E0	-1.000000000E0	3.200483309E1	3.200483309E1
5.048296717E2	5.111994617E1	7.396080936E0	2.826566850E2	-1.000000000E0	-1.000000000E0	3.200483309E1	3.200483309E1
5.058296541E2	5.111994617E1	7.396080936E0	2.826566850E2	-1.000000000E0	-1.000000000E0	3.200483309E1	3.200483309E1
5.068296374E2	5.111994617E1	7.396080936E0	2.826566850E2	0.000000000E0	-1.000000000E0	3.200483309E1	3.200483309E1
5.078296232E2	5.111994617E1	7.396080936E0	2.826566850E2	0.000000000E0	-1.000000000E0	3.200483309E1	3.200483309E1
5.088296098E2	5.111994617E1	7.396080936E0	2.826566850E2	0.000000000E0	-1.000000000E0	3.200483309E1	3.200483309E1
5.098295981E2	5.111994617E1	7.396080936E0	2.826566850E2	0.000000000E0	-1.000000000E0	3.200483309E1	3.200483309E1
5.108295883E2	5.111994617E1	7.396080936E0	2.826566850E2	-1.000000000E0	-1.000000000E0	3.200483309E1	3.200483309E1
5.118295795E2	5.111994617E1	7.396080936E0	2.826566850E2	-1.000000000E0	-1.000000000E0	3.200483309E1	3.200483309E1
5.128295722E2	5.111994617E1	7.396080936E0	2.826566850E2	-1.000000000E0	-1.000000000E0	3.200483309E1	3.200483309E1
5.138295665E2	5.111994617E1	7.396080936E0	2.826566850E2	0.000000000E0	-1.000000000E0	3.200483309E1	3.200483309E1
5.148295616E2	5.111994617E1	7.396080936E0	2.826566850E2	-1.000000000E0	-1.000000000E0	3.200483309E1	3.200483309E1
5.158295572E2	5.111994617E1	7.396080936E0	2.826566850E2	0.000000000E0	-1.000000000E0	3.200483309E1	3.200483309E1
5.168295536E2	5.111994617E1	7.396080936E0	2.826566850E2	-1.000000000E0	-1.000000000E0	4.800724964E1	4.800724964E1
5.178295515E2	5.111994617E1	7.396080936E0	2.826566850E2	0.000000000E0	-1.000000000E0	4.800724964E1	4.800724964E1
5.188295507E2	5.111994617E1	7.396080936E0	2.826566850E2	0.000000000E0	-1.000000000E0	4.800724964E1	4.800724964E1
5.198295501E2	5.111994617E1	7.396080936E0	2.826566850E2	-1.000000000E0	-1.000000000E0	4.800724964E1	4.800724964E1
5.208295499E2	5.111994617E1	7.396080936E0	2.826566850E2	-1.000000000E0	-1.000000000E0	3.200483309E1	3.200483309E1
5.218295516E2	5.111994617E1	7.396080936E0	2.826566850E2	-1.000000000E0	-1.000000000E0	3.200483309E1	3.200483309E1
5.228295525E2	5.111994617E1	7.396080936E0	2.826566850E2	-1.000000000E0	-1.000000000E0	4.800724964E1	4.800724964E1
5.238295553E2	5.111994617E1	7.396080936E0	2.826566850E2	-1.000000000E0	-1.000000000E0	4.800724964E1	4.800724964E1
5.248295579E2	5.111994617E1	7.396080936E0	2.826566850E2	-1.000000000E0	-1.000000000E0	4.800724964E1	4.800724964E1
5.258295611E2	5.111994617E1	7.396080936E0	2.826566850E2	-1.000000000E0	-1.000000000E0	4.800724964E1	4.800724964E1
5.268295647E2	5.111994617E1	7.396080936E0	2.826566850E2	-1.000000000E0	-1.000000000E0	3.200483309E1	3.200483309E1
5.278295695E2	5.111994617E1	7.396080936E0	2.826566850E2	0.000000000E0	-1.000000000E0	3.200483309E1	3.200483309E1
5.288295743E2	5.111994617E1	7.396080936E0	2.826566850E2	0.000000000E0	-1.000000000E0	3.200483309E1	3.200483309E1
5.298295791E2	5.111994617E1	7.396080936E0	2.826566850E2	-1.000000000E0	-1.000000000E0	3.200483309E1	3.200483309E1
5.308295851E2	5.111994617E1	7.396080936E0	2.826566850E2	0.000000000E0	-1.000000000E0	3.200483309E1	3.200483309E1
5.318295906E2	5.111994617E1	7.396080936E0	2.826566850E2	-1.000000000E0	-1.000000000E0	3.200483309E1	3.200483309E1
5.328295970E2	5.111994617E1	7.396080936E0	2.826566850E2	-1.000000000E0	-1.000000000E0	3.200483309E1	3.200483309E1
5.338296037E2	5.111994617E1	7.396080936E0	2.826566850E2	-1.000000000E0	-1.000000000E0	3.200483309E1	3.200483309E1
5.348296109E2	5.111994617E1	7.396080936E0	2.826566850E2	0.000000000E0	-1.000000000E0	3.200483309E1	3.200483309E1
5.358296185E2	5.111994617E1	7.396080936E0	2.826566850E2	0.000000000E0	-1.000000000E0	3.200483309E1	3.200483309E1
5.368296256E2	5.111994617E1	7.396080936E0	2.826566850E2	0.000000000E0	-1.000000000E0	3.200483309E1	3.200483309E1
5.378296332E2	5.111994617E1	7.396080936E0	2.826566850E2	0.000000000E0	-1.000000000E0	3.200483309E1	3.200483309E1
5.388296413E2	5.111994617E1	7.396080936E0	2.826566850E2	-1.000000000E0	-1.000000000E0	3.200483309E1	3.200483309E1
5.398296502E2	5.111994617E1	7.396080936E0	2.826566850E2	0.000000000E0	-1.000000000E0	3.200483309E1	3.200483309E1
5.408296585E2	5.111994617E1	7.396080936E0	2.826566850E2	0.000000000E0	-1.000000000E0	3.200483309E1	3.200483309E1
5.418296664E2	5.111994617E1	7.396080936E0	2.826566850E2	0.000000000E0	-1.000000000E0	3.200483309E1	3.200483309E1
5.428296760E2	5.111994617E1	7.396080936E0	2.826566850E2	0.000000000E0	-1.000000000E0	3.200483309E1	3.200483309E1
5.438296839E2	5.111994617E1	7.396080936E0	2.826566850E2	0.000000000E0	-1.000000000E0	3.200483309E1	3.200483309E1
5.448296931E2	5.111994617E1	7.396080936E0	2.826566850E2	0.000000000E0	-1.000000000E0	3.200483309E1	3.200483309E1
5.458297029E2	5.111994617E1	7.396080936E0	2.826566850E2	0.000000000E0	-1.000000000E0	3.200483309E1	3.200483309E1
5.468297123E2	5.111994617E1	7.396080936E0	2.826566850E2	0.000000000E0	-1.000000000E0	3.200483309E1	3.200483309E1
5.478297213E2	5.111994617E1	7.396080936E0	2.826566850E2	0.000000000E0	-1.000000000E0	3.200483309E1	3.200483309E1
5.488297313E2	5.111994617E1	7.396080936E0	2.826566850E2	0.000000000E0	-1.000000000E0	3.200483309E1	3.200483309E1
5.498297411E2	5.111994617E1	7.396080936E0	2.826566850E2	0.000000000E0	-1.000000000E0	3.200483309E1	3.200483309E1
5.508297524E2	5.111994617E1	7.396080936E0	2.826566850E2	-1.000000000E0	-1.000000000E0	3.200483309E1	3.200483309E1
5.518297615E2	5.111994617E1	7.396080936E0	2.826566850E2	0.000000000E0	-1.000000000E0	3.200483309E1	3.200483309E1
5.528297718E2	5.111994617E1	7.396080936E0	2.826566850E2	0.000000000E0	-1.000000000E0	3.200483309E1	3.200483309E1
5.538297820E2	5.111994617E1	7.396080936E0	2.826566850E2	0.000000000E0	-1.000000000E0	3.200483309E1	3.200483309E1
5.548297915E2	5.111994617E1	7.396080936E0	2.826566850E2	0.000000000E0	-1.000000000E0	3.200483309E1	3.200483309E1
5.558298019E2	5.111994617E1	7.396080936E0	2.826566850E2	0.000000000E0	-1.000000000E0	3.200483309E1	3.200483309E1
5.568298128E2	5.111994617E1	7.396080936E0	2.826566850E2	-1.000000000E0	-1.000000000E0	3.200483309E1	3.200483309E1
5.578298233E2	5.111994617E1	7.396080936E0	2.826566850E2	0.000000000E0	-1.000000000E0	3.200483309E1	3.200483309E1
5.588298329E2	5.111994617E1	7.396080936E0	2.826566850E2	0.000000000E0	-1.000000000E0	3.200483309E1	3.200483309E1
5.598298439E2	5.111994617E1	7.396080936E0	2.826566850E2	-1.000000000E0	-1.000000000E0	3.200483309E1	3.200483309E1
5.608298546E2	5.111994617E1	7.396080936E0	2.826566850E2	0.000000000E0	-1.000000000E0	3.200483309E1	3.200483309E1
5.618298657E2	5.111994617E1	7.396080936E0	2.826566850E2	0.000000000E0	-1.000000000E0	3.200483309E1	3.200483309E1
5.628298817E2	5.111994617E1	7.396080936E0	2.826566850E2	0.000000000E0	-1.000000000E0	3.200483309E1	3.200483309E1
5.638298874E2	5.111994617E1	7.396080936E0	2.826566850E2	0.000000000E0	-1.000000000E0	3.200483309E1	3.200483309E1
5.648298974E2	5.111994617E1	7.396080936E0	2.826566850E2	0.000000000E0	-1.000000000E0	3.200483309E1	3.200483309E1
5.658299091E2	5.111994617E1	7.396080936E0	2.826566850E2	0.000000000E0	-1.000000000E0	3.200483309E1	3.200483309E1
5.668299201E2	5.111994617E1	7.396080936E0	2.826566850E2	0.000000000E0	-1.000000000E0	3.200483309E1	3.200483309E1
5.678299308E2	5.111994617E1	7.396080936E0	2.826566850E2	0.000000000E0	-1.000000000E0	3.200483309E1	3.200483309E1
5.688299422E2	5.111994617E1	7.396080936E0	2.826566850E2	0.000000000E0	-1.000000000E0	3.200483309E1	3.200483309E1
5.698299527E2	5.111994617E1	7.396080936E0	2.826566850E2	0.000000000E0	-1.000000000E0	3.200483309E1	3.200483309E1
5.708299636E2	5.111994617E1	7.396080936E0	2.826566850E2	0.000000000E0	-1.000000000E0	3.200483309E1	3.200483309E1
5.718299750E2	5.111994617E1	7.396080936E0	2.826566850E2	0.000000000E0	-1.000000000E0	3.200483309E1	3.200483309E1
5.728299865E2	5.111994617E1	7.396080936E0	2.826566850E2	0.000000000E0	-1.000000000E0	3.200483309E1	3.200483309E1
5.738299973E2	5.111994617E1	7.396080936E0	2.826566850E2	0.000000000E0	-1.000000000E0	3.200483309E1	3.200483309E1
5.748300087E2	5.111994617E1	7.396080936E0	2.826566850E2	0.000000000E0	-1.000000000E0	3.200483309E1	3.200483309E1
5.758300195E2	5.111994617E1	7.396080936E0	2.826566850E2	0.000000000E0	-1.000000000E0	3.200483309E1	3.200483309E1
5.768300309E2	5.111994617E1	7.396080936E0	2.826566850E2	0.000000000E0	-1.000000000E0	3.200483309E1	3.200483309E1
5.778300420E2	5.111994617E1	7.396080936E0	2.826566850E2	0.000000000E0	-1.000000000E0	3.200483309E1	3.200483309E1
5.788300539E2	5.111994617E1	7.396080936E0	2.826566850E2	-1.000000000E0	-1.000000000E0	3.200483309E1	3.200483309E1
5.798300651E2	5.111994617E1	7.396080936E0	2.826566850E2	-1.000000000E0	-1.000000000E0	3.200483309E1	3.200483309E1
5.808300766E2	5.111994617E1	7.396080936E0	2.826566850E2	-1.000000000E0	-1.000000000E0	3.200483309E1	3.200483309E1
5.818300874E2	5.111994617E1	7.396080936E0	2.826566850E2	0.000000000E0	-1.000000000E0	3.200483309E1	3.200483309E1
5.828300992E2	5.111994617E1	7.396080936E0	2.826566850E2	0.000000000E0	-1.000000000E0	3.200483309E1	3.200483309E1
5.838301104E2	5.111994617E1	7.396080936E0	2.826566850E2	0.000000000E0	-1.000000000E0	3.200483309E1	3.200483309E1
5.848301214E2	5.111994617E1	7.396080936E0	2.826566850E2	0.000000000E0	-1.000000000E0	3.200483309E1	3.200483309E1
5.858301331E2	5.111994617E1	7.396080936E0	2.826566850E2	0.000000000E0	-1.000000000E0	3.200483309E1	3.200483309E1
5.868301452E2	5.111994617E1	7.396080936E0	2.826566850E2	0.000000000E0	-1.000000000E0	3.200483309E1	3.200483309E1
5.878301558E2	5.111994617E1	7.396080936E0	2.826566850E2	0.000000000E0	-1.000000000E0	3.200483309E1	3.200483309E1
5.888301684E2	5.111994617E1	7.396080936E0	2.826566850E2	0.000000000E0	-1.000000000E0	3.200483309E1	3.200483309E1
5.898301784E2	5.111994617E1	7.396080936E0	2.826566850E2	0.000000000E0	-1.000000000E0	3.200483309E1	3.200483309E1
5.908301928E2	5.111994617E1	7.396080936E0	2.826566850E2	0.000000000E0	-1.000000000E0	3.200483309E1	3.200483309E1
5.918302014E2	5.111994617E1	7.396080936E0	2.826566850E2	0.000000000E0	-1.000000000E0	3.200483309E1	3.200483309E1
5.928302124E2	5.111994617E1	7.396080936E0	2.826566850E2	0.000000000E0	-1.000000000E0	3.200483309E1	3.200483309E1
5.938302248E2	5.111994617E1	7.396080936E0	2.826566850E2	0.000000000E0	-1.000000000E0	3.200483309E1	3.200483309E1
5.948302362E2	5.111994617E1	7.396080936E0	2.826566850E2	-1.000000000E0	-1.000000000E0	3.200483309E1	3.200483309E1
5.958302476E2	5.111994617E1	7.396080936E0	2.826566850E2	0.000000000E0	-1.000000000E0	3.200483309E1	3.200483309E1
5.968302583E2	5.111994617E1	7.396080936E0	2.826566850E2	0.000000000E0	-1.000000000E0	3.200483309E1	3.200483309E1
5.978302695E2	5.111994617E1	7.396080936E0	2.826566850E2	0.000000000E0	-1.000000000E0	3.200483309E1	3.200483309E1
5.988302817E2	5.111994617E1	7.396080936E0	2.826566850E2	0.000000000E0	-1.000000000E0	3.200483309E1	3.200483309E1
5.998302928E2	5.111994617E1	7.396080936E0	2.826566850E2	0.000000000E0	-1.000000000E0	3.200483309E1	3.200483309E1
6.008303038E2	5.111994617E1	7.396080936E0	2.826566850E2	0.000000000E0	-1.000000000E0	3.200483309E1	3.200483309E1
6.018303154E2	5.111994617E1	7.396080936E0	2.826566850E2	0.000000000E0	-1.000000000E0	3.200483309E1	3.200483309E1
6.028303274E2	5.111994617E1	7.396080936E0	2.826566850E2	0.000000000E0	-1.000000000E0	3.200483309E1	3.200483309E1
6.038303391E2	5.111994617E1	7.396080936E0	2.826566850E2	0.000000000E0	-1.000000000E0	3.200483309E1	3.200483309E1
6.048303496E2	5.111994617E1	7.396080936E0	2.826566850E2	0.000000000E0	-1.000000000E0	3.200483309E1	3.200483309E1
6.058303622E2	5.111994617E1	7.396080936E0	2.826566850E2	0.000000000E0	-1.000000000E0	3.200483309E1	3.200483309E1
6.068303734E2	5.111994617E1	7.396080936E0	2.826566850E2	0.000000000E0	-1.000000000E0	3.200483309E1	3.200483309E1
6.078303845E2	5.111994617E1	7.396080936E0	2.826566850E2	0.000000000E0	-1.000000000E0	3.200483309E1	3.200483309E1
6.088303961E2	5.111994617E1	7.396080936E0	2.826566850E2	0.000000000E0	-1.000000000E0	3.200483309E1	3.200483309E1
6.098304077E2	5.111994617E1	7.396080936E0	2.826566850E2	0.000000000E0	-1.000000000E0	3.200483309E1	3.200483309E1
6.108304191E2	5.111994617E1	7.396080936E0	2.826566850E2	0.000000000E0	-1.000000000E0	3.200483309E1	3.200483309E1
6.118304312E2	5.111994617E1	7.396080936E0	2.826566850E2	0.000000000E0	-1.000000000E0	3.200483309E1	3.200483309E1
6.128304424E2	5.111991871E1	7.396066882E0	2.875665855E2	5.600237101E-2	-1.000000000E0	3.200483309E1	3.200483309E1
6.138304535E2	5.111991553E1	7.396055087E0	2.872354301E2	2.414264902E-2	-1.000000000E0	3.200483309E1	3.200483309E1
6.148304656E2	5.111991483E1	7.396039734E0	2.872521925E2	1.839300431E-2	-1.000000000E0	3.200483309E1	3.200483309E1
6.158304764E2	5.111991396E1	7.396029450E0	2.873760367E2	1.619296074E-1	-1.000000000E0	3.200483309E1	3.200483309E1
6.168304883E2	5.111991484E1	7.396026721E0	2.874632381E2	5.962709337E-2	-1.000000000E0	3.200483309E1	3.200483309E1
6.178305006E2	5.111990790E1	7.396004446E0	2.875107949E2	2.705337703E-1	-1.000000000E0	3.200483309E1	3.200483309E1
6.188305107E2	5.111990821E1	7.396006949E0	2.875889667E2	8.995987475E-3	-1.000000000E0	3.200483309E1	3.200483309E1
6.198305233E2	5.111990746E1	7.396005821E0	2.875804966E2	3.262307122E-2	-1.000000000E0	3.200483309E1	3.200483309E1