Time (s);Latitude (°);Longitude (°);Height (m);Velocity (m/s);Direction (°);Horizontal Accuracy (m);Vertical Accuracy (m)
0.000000000E0;5,11E+10;7,40E+09;2,83E+11;-1,00E+09;-1,00E+09;1,65E+11;1,65E+11
1,90E+08;5,11E+10;7,40E+09;2,83E+11;-1,00E+09;-1,00E+09;1,65E+11;1,65E+11
8,54E+09;5,11E+10;7,40E+09;2,94E+11;0.000000000E0;3,82E+09;6,40E+10;6,40E+10
9,54E+09;5,11E+10;7,40E+09;2,94E+11;0.000000000E0;3,82E+09;6,40E+10;6,40E+10
1,05E+10;5,11E+10;7,40E+09;2,56E+11;0.000000000E0;3,82E+09;6,40E+10;6,40E+10
1,15E+10;5,11E+10;7,40E+09;2,56E+11;0.000000000E0;3,82E+09;6,40E+10;6,40E+10
1,25E+10;5,11E+10;7,40E+09;2,56E+11;0.000000000E0;3,82E+09;6,40E+10;6,40E+10
1,35E+10;5,11E+10;7,40E+09;2,56E+11;0.000000000E0;3,82E+09;6,40E+10;6,40E+10
1,45E+10;5,11E+10;7,40E+09;2,56E+11;0.000000000E0;3,82E+09;6,40E+10;6,40E+10
1,55E+10;5,11E+10;7,40E+09;2,56E+11;0.000000000E0;3,82E+09;4,80E+10;4,80E+10
1,65E+10;5,11E+10;7,40E+09;2,56E+11;0.000000000E0;3,82E+09;6,40E+10;6,40E+10
1,75E+10;5,11E+10;7,40E+09;2,56E+11;0.000000000E0;3,82E+09;6,40E+10;6,40E+10
1,85E+10;5,11E+10;7,40E+09;2,56E+11;0.000000000E0;3,82E+09;4,80E+10;4,80E+10
1,95E+10;5,11E+10;7,40E+09;2,56E+11;0.000000000E0;3,82E+09;4,80E+10;4,80E+10
2,10E+10;5,11E+10;7,40E+09;2,56E+11;0.000000000E0;3,82E+09;3,20E+10;3,20E+10
2,20E+10;5,11E+10;7,40E+09;2,56E+11;0.000000000E0;3,82E+09;3,20E+10;3,20E+10
2,30E+10;5,11E+10;7,40E+09;2,56E+11;0.000000000E0;3,82E+09;3,20E+10;3,20E+10
2,40E+10;5,11E+10;7,40E+09;2,56E+11;0.000000000E0;3,82E+09;3,20E+10;3,20E+10
2,50E+10;5,11E+10;7,40E+09;2,56E+11;0.000000000E0;3,82E+09;2,40E+10;2,40E+10
2,60E+10;5,11E+10;7,40E+09;2,56E+11;0.000000000E0;3,82E+09;2,40E+10;2,40E+10
2,70E+10;5,11E+10;7,40E+09;2,56E+11;0.000000000E0;3,82E+09;2,40E+10;2,40E+10
2,80E+10;5,11E+10;7,40E+09;2,56E+11;0.000000000E0;3,82E+09;2,40E+10;2,40E+10
2,90E+10;5,11E+10;7,40E+09;2,56E+11;0.000000000E0;3,82E+09;1,60E+10;1,60E+10
3,00E+10;5,11E+10;7,40E+09;2,56E+11;0.000000000E0;3,82E+09;1,60E+10;1,60E+10
3,10E+10;5,11E+10;7,40E+09;2,56E+11;0.000000000E0;3,82E+09;1,60E+10;1,60E+10
3,20E+10;5,11E+10;7,40E+09;2,56E+11;0.000000000E0;3,82E+09;1,60E+10;1,60E+10
3,30E+10;5,11E+10;7,40E+09;2,56E+11;0.000000000E0;3,82E+09;1,60E+10;1,60E+10
3,40E+10;5,11E+10;7,40E+09;2,56E+11;0.000000000E0;3,82E+09;1,60E+10;1,60E+10
3,50E+10;5,11E+10;7,40E+09;2,56E+11;0.000000000E0;3,82E+09;1,60E+10;1,60E+10
3,60E+10;5,11E+10;7,40E+09;2,56E+11;0.000000000E0;3,82E+09;1,60E+10;1,60E+10
3,70E+10;5,11E+10;7,40E+09;2,56E+11;0.000000000E0;3,82E+09;1,20E+10;1,20E+10
3,80E+10;5,11E+10;7,40E+09;2,56E+11;0.000000000E0;3,82E+09;1,20E+10;1,20E+10
3,90E+10;5,11E+10;7,40E+09;2,56E+11;0.000000000E0;3,82E+09;1,20E+10;1,20E+10
4,00E+10;5,11E+10;7,40E+09;2,56E+11;0.000000000E0;3,82E+09;1,20E+10;1,20E+10
4,10E+10;5,11E+10;7,40E+09;2,56E+11;0.000000000E0;3,82E+09;1,20E+10;1,20E+10
4,20E+10;5,11E+10;7,40E+09;2,56E+11;0.000000000E0;3,82E+09;1,20E+10;1,20E+10
4,30E+10;5,11E+10;7,40E+09;2,56E+11;0.000000000E0;3,82E+09;1,20E+10;1,20E+10
4,40E+10;5,11E+10;7,40E+09;2,56E+11;0.000000000E0;3,82E+09;1,20E+10;1,20E+10
4,50E+10;5,11E+10;7,40E+09;2,56E+11;0.000000000E0;3,82E+09;1,60E+10;1,60E+10
4,60E+10;5,11E+10;7,40E+09;2,56E+11;0.000000000E0;3,82E+09;1,60E+10;1,60E+10
4,70E+10;5,11E+10;7,40E+09;2,56E+11;0.000000000E0;3,82E+09;1,60E+10;1,60E+10
4,80E+10;5,11E+10;7,40E+09;2,56E+11;0.000000000E0;3,82E+09;1,60E+10;1,60E+10
4,90E+10;5,11E+10;7,40E+09;2,56E+11;0.000000000E0;3,82E+09;1,60E+10;1,60E+10
5,00E+10;5,11E+10;7,40E+09;2,56E+11;0.000000000E0;3,82E+09;1,60E+10;1,60E+10
5,10E+10;5,11E+10;7,40E+09;2,56E+11;0.000000000E0;3,82E+09;1,60E+10;1,60E+10
5,20E+10;5,11E+10;7,40E+09;2,56E+11;0.000000000E0;3,82E+09;1,60E+10;1,60E+10
5,30E+10;5,11E+10;7,40E+09;2,56E+11;0.000000000E0;3,82E+09;1,60E+10;1,60E+10
5,40E+10;5,11E+10;7,40E+09;2,56E+11;0.000000000E0;3,82E+09;1,60E+10;1,60E+10
5,50E+10;5,11E+10;7,40E+09;2,56E+11;0.000000000E0;3,82E+09;1,60E+10;1,60E+10
5,60E+10;5,11E+10;7,40E+09;2,56E+11;0.000000000E0;3,82E+09;1,20E+10;1,20E+10
5,70E+10;5,11E+10;7,40E+09;2,56E+11;0.000000000E0;3,82E+09;1,20E+10;1,20E+10
5,80E+10;5,11E+10;7,40E+09;2,56E+11;0.000000000E0;3,82E+09;1,20E+10;1,20E+10
5,90E+10;5,11E+10;7,40E+09;2,56E+11;0.000000000E0;3,82E+09;1,20E+10;1,20E+10
6,00E+10;5,11E+10;7,40E+09;2,56E+11;0.000000000E0;3,82E+09;1,60E+10;1,60E+10
6,10E+10;5,11E+10;7,40E+09;2,56E+11;0.000000000E0;3,82E+09;1,60E+10;1,60E+10
6,20E+10;5,11E+10;7,40E+09;2,56E+11;0.000000000E0;3,82E+09;1,60E+10;1,60E+10
6,30E+10;5,11E+10;7,40E+09;2,56E+11;0.000000000E0;3,82E+09;1,20E+10;1,20E+10
6,40E+10;5,11E+10;7,40E+09;2,56E+11;0.000000000E0;3,82E+09;1,20E+10;1,20E+10
6,50E+10;5,11E+10;7,40E+09;2,56E+11;0.000000000E0;3,82E+09;1,20E+10;1,20E+10
6,60E+10;5,11E+10;7,40E+09;2,56E+11;0.000000000E0;3,82E+09;1,20E+10;1,20E+10
6,70E+10;5,11E+10;7,40E+09;2,56E+11;0.000000000E0;3,82E+09;1,60E+10;1,60E+10
6,80E+10;5,11E+10;7,40E+09;2,56E+11;0.000000000E0;3,82E+09;1,60E+10;1,60E+10
6,90E+10;5,11E+10;7,40E+09;2,56E+11;0.000000000E0;3,82E+09;1,20E+10;1,20E+10
7,00E+10;5,11E+10;7,40E+09;2,56E+11;0.000000000E0;3,82E+09;1,20E+10;1,20E+10
7,10E+10;5,11E+10;7,40E+09;2,56E+11;0.000000000E0;3,82E+09;1,20E+10;1,20E+10
7,20E+10;5,11E+10;7,40E+09;2,56E+11;0.000000000E0;3,82E+09;1,20E+10;1,20E+10
7,30E+10;5,11E+10;7,40E+09;2,56E+11;0.000000000E0;3,82E+09;1,20E+10;1,20E+10
7,40E+10;5,11E+10;7,40E+09;2,56E+11;0.000000000E0;3,82E+09;1,20E+10;1,20E+10
7,50E+10;5,11E+10;7,40E+09;2,56E+11;0.000000000E0;3,82E+09;1,20E+10;1,20E+10
7,60E+10;5,11E+10;7,40E+09;2,56E+11;0.000000000E0;3,82E+09;1,20E+10;1,20E+10
7,70E+10;5,11E+10;7,40E+09;2,56E+11;0.000000000E0;3,82E+09;1,60E+10;1,60E+10
7,80E+10;5,11E+10;7,40E+09;2,56E+11;0.000000000E0;3,82E+09;1,60E+10;1,60E+10
7,90E+10;5,11E+10;7,40E+09;2,56E+11;0.000000000E0;3,82E+09;1,60E+10;1,60E+10
8,00E+10;5,11E+10;7,40E+09;2,56E+11;0.000000000E0;3,82E+09;1,60E+10;1,60E+10
8,10E+10;5,11E+10;7,40E+09;2,56E+11;0.000000000E0;3,82E+09;1,60E+10;1,60E+10
8,20E+10;5,11E+10;7,40E+09;2,56E+11;0.000000000E0;3,82E+09;1,60E+10;1,60E+10
8,30E+10;5,11E+10;7,40E+09;2,56E+11;0.000000000E0;3,82E+09;1,20E+10;1,20E+10
8,40E+10;5,11E+10;7,40E+09;2,56E+11;0.000000000E0;3,82E+09;1,20E+10;1,20E+10
8,50E+10;5,11E+10;7,40E+09;2,56E+11;0.000000000E0;3,82E+09;1,20E+10;1,20E+10
8,60E+10;5,11E+10;7,40E+09;2,56E+11;0.000000000E0;3,82E+09;1,20E+10;1,20E+10
8,70E+10;5,11E+10;7,40E+09;2,56E+11;0.000000000E0;3,82E+09;1,60E+10;1,60E+10
8,80E+10;5,11E+10;7,40E+09;2,56E+11;0.000000000E0;3,82E+09;1,60E+10;1,60E+10
8,90E+10;5,11E+10;7,40E+09;2,56E+11;0.000000000E0;3,82E+09;1,60E+10;1,60E+10
9,00E+10;5,11E+10;7,40E+09;2,56E+11;0.000000000E0;3,82E+09;1,60E+10;1,60E+10
9,10E+10;5,11E+10;7,40E+09;2,56E+11;0.000000000E0;3,82E+09;1,60E+10;1,60E+10
9,20E+10;5,11E+10;7,40E+09;2,56E+11;0.000000000E0;3,82E+09;1,60E+10;1,60E+10
9,30E+10;5,11E+10;7,40E+09;2,56E+11;0.000000000E0;3,82E+09;1,60E+10;1,60E+10
9,40E+10;5,11E+10;7,40E+09;2,56E+11;0.000000000E0;3,82E+09;1,60E+10;1,60E+10
9,50E+10;5,11E+10;7,40E+09;2,56E+11;0.000000000E0;3,82E+09;1,60E+10;1,60E+10
9,60E+10;5,11E+10;7,40E+09;2,56E+11;0.000000000E0;3,82E+09;1,60E+10;1,60E+10
9,70E+10;5,11E+10;7,40E+09;2,56E+11;0.000000000E0;3,82E+09;1,60E+10;1,60E+10
9,80E+10;5,11E+10;7,40E+09;2,56E+11;0.000000000E0;3,82E+09;1,60E+10;1,60E+10
9,90E+10;5,11E+10;7,40E+09;2,56E+11;0.000000000E0;3,82E+09;1,20E+10;1,20E+10
1,00E+11;5,11E+10;7,40E+09;2,56E+11;0.000000000E0;3,82E+09;1,20E+10;1,20E+10
1,01E+11;5,11E+10;7,40E+09;2,56E+11;0.000000000E0;3,82E+09;1,20E+10;1,20E+10
1,02E+11;5,11E+10;7,40E+09;2,56E+11;0.000000000E0;3,82E+09;1,60E+10;1,60E+10
1,03E+11;5,11E+10;7,40E+09;2,56E+11;0.000000000E0;3,82E+09;1,60E+10;1,60E+10
1,04E+11;5,11E+10;7,40E+09;2,56E+11;0.000000000E0;3,82E+09;1,60E+10;1,60E+10
1,05E+11;5,11E+10;7,40E+09;2,56E+11;0.000000000E0;3,82E+09;1,60E+10;1,60E+10
1,06E+11;5,11E+10;7,40E+09;2,56E+11;0.000000000E0;3,82E+09;1,60E+10;1,60E+10
1,07E+11;5,11E+10;7,40E+09;2,56E+11;0.000000000E0;3,82E+09;1,60E+10;1,60E+10
1,08E+11;5,11E+10;7,40E+09;2,56E+11;0.000000000E0;3,82E+09;1,60E+10;1,60E+10
1,09E+11;5,11E+10;7,40E+09;2,56E+11;0.000000000E0;3,82E+09;1,60E+10;1,60E+10
1,10E+11;5,11E+10;7,40E+09;2,56E+11;0.000000000E0;3,82E+09;1,20E+10;1,20E+10
1,11E+11;5,11E+10;7,40E+09;2,56E+11;0.000000000E0;3,82E+09;1,20E+10;1,20E+10
1,12E+11;5,11E+10;7,40E+09;2,56E+11;0.000000000E0;3,82E+09;1,60E+10;1,60E+10
1,13E+11;5,11E+10;7,40E+09;2,56E+11;0.000000000E0;3,82E+09;1,60E+10;1,60E+10
1,14E+11;5,11E+10;7,40E+09;2,56E+11;0.000000000E0;3,82E+09;1,60E+10;1,60E+10
1,15E+11;5,11E+10;7,40E+09;2,56E+11;0.000000000E0;3,82E+09;1,20E+10;1,20E+10
1,16E+11;5,11E+10;7,40E+09;2,56E+11;0.000000000E0;3,82E+09;1,60E+10;1,60E+10
1,17E+11;5,11E+10;7,40E+09;2,56E+11;0.000000000E0;3,82E+09;8,00E+09;8,00E+09
1,18E+11;5,11E+10;7,40E+09;2,56E+11;0.000000000E0;3,82E+09;1,20E+10;1,20E+10
1,19E+11;5,11E+10;7,40E+09;2,56E+11;0.000000000E0;3,82E+09;1,20E+10;1,20E+10
1,20E+11;5,11E+10;7,40E+09;2,56E+11;0.000000000E0;3,82E+09;1,60E+10;1,60E+10
1,21E+11;5,11E+10;7,40E+09;2,56E+11;0.000000000E0;3,82E+09;1,20E+10;1,20E+10
1,22E+11;5,11E+10;7,40E+09;2,56E+11;0.000000000E0;3,82E+09;1,20E+10;1,20E+10
1,23E+11;5,11E+10;7,40E+09;2,56E+11;0.000000000E0;3,82E+09;1,20E+10;1,20E+10
1,24E+11;5,11E+10;7,40E+09;2,56E+11;0.000000000E0;3,82E+09;1,20E+10;1,20E+10
1,25E+11;5,11E+10;7,40E+09;2,56E+11;0.000000000E0;3,82E+09;8,00E+09;8,00E+09
1,26E+11;5,11E+10;7,40E+09;2,56E+11;0.000000000E0;3,82E+09;8,00E+09;8,00E+09
1,27E+11;5,11E+10;7,40E+09;2,56E+11;0.000000000E0;3,82E+09;8,00E+09;8,00E+09
1,28E+11;5,11E+10;7,40E+09;2,56E+11;0.000000000E0;3,82E+09;8,00E+09;8,00E+09
1,29E+11;5,11E+10;7,40E+09;2,56E+11;0.000000000E0;3,82E+09;1,60E+10;1,60E+10
1,30E+11;5,11E+10;7,40E+09;2,56E+11;0.000000000E0;3,82E+09;1,60E+10;1,60E+10
1,31E+11;5,11E+10;7,40E+09;2,56E+11;0.000000000E0;3,82E+09;1,60E+10;1,60E+10
1,32E+11;5,11E+10;7,40E+09;2,56E+11;0.000000000E0;3,82E+09;1,60E+10;1,60E+10
1,33E+11;5,11E+10;7,40E+09;2,56E+11;0.000000000E0;3,82E+09;1,60E+10;1,60E+10
1,34E+11;5,11E+10;7,40E+09;2,56E+11;0.000000000E0;3,82E+09;1,60E+10;1,60E+10
1,35E+11;5,11E+10;7,40E+09;2,56E+11;0.000000000E0;3,82E+09;1,60E+10;1,60E+10
1,36E+11;5,11E+10;7,40E+09;2,56E+11;0.000000000E0;3,82E+09;1,20E+10;1,20E+10
1,37E+11;5,11E+10;7,40E+09;2,56E+11;0.000000000E0;3,82E+09;1,20E+10;1,20E+10
1,38E+11;5,11E+10;7,40E+09;2,56E+11;0.000000000E0;3,82E+09;1,20E+10;1,20E+10
1,39E+11;5,11E+10;7,40E+09;2,56E+11;0.000000000E0;3,82E+09;1,20E+10;1,20E+10
1,40E+11;5,11E+10;7,40E+09;2,56E+11;0.000000000E0;3,82E+09;8,00E+09;8,00E+09
1,41E+11;5,11E+10;7,40E+09;2,56E+11;0.000000000E0;3,82E+09;1,20E+10;1,20E+10
1,42E+11;5,11E+10;7,40E+09;2,56E+11;0.000000000E0;3,82E+09;1,20E+10;1,20E+10
1,43E+11;5,11E+10;7,40E+09;2,56E+11;0.000000000E0;3,82E+09;1,20E+10;1,20E+10
1,44E+11;5,11E+10;7,40E+09;2,56E+11;0.000000000E0;3,82E+09;1,20E+10;1,20E+10
1,45E+11;5,11E+10;7,40E+09;2,56E+11;0.000000000E0;3,82E+09;1,60E+10;1,60E+10
1,46E+11;5,11E+10;7,40E+09;2,56E+11;0.000000000E0;3,82E+09;1,60E+10;1,60E+10
1,47E+11;5,11E+10;7,40E+09;2,56E+11;0.000000000E0;3,82E+09;1,20E+10;1,20E+10
1,48E+11;5,11E+10;7,40E+09;2,56E+11;0.000000000E0;3,82E+09;1,60E+10;1,60E+10
1,49E+11;5,11E+10;7,40E+09;2,56E+11;0.000000000E0;3,82E+09;1,60E+10;1,60E+10
1,50E+11;5,11E+10;7,40E+09;2,56E+11;0.000000000E0;3,82E+09;1,60E+10;1,60E+10
1,51E+11;5,11E+10;7,40E+09;2,56E+11;0.000000000E0;3,82E+09;1,60E+10;1,60E+10
1,52E+11;5,11E+10;7,40E+09;2,56E+11;0.000000000E0;3,82E+09;1,20E+10;1,20E+10
1,53E+11;5,11E+10;7,40E+09;2,56E+11;0.000000000E0;3,82E+09;1,60E+10;1,60E+10
1,54E+11;5,11E+10;7,40E+09;2,56E+11;0.000000000E0;3,82E+09;8,00E+09;8,00E+09
1,55E+11;5,11E+10;7,40E+09;2,56E+11;0.000000000E0;3,82E+09;1,20E+10;1,20E+10
1,56E+11;5,11E+10;7,40E+09;2,56E+11;0.000000000E0;3,82E+09;1,20E+10;1,20E+10
1,57E+11;5,11E+10;7,40E+09;2,56E+11;0.000000000E0;3,82E+09;1,20E+10;1,20E+10
1,58E+11;5,11E+10;7,40E+09;2,56E+11;0.000000000E0;3,82E+09;1,60E+10;1,60E+10
1,59E+11;5,11E+10;7,40E+09;2,56E+11;0.000000000E0;3,82E+09;1,20E+10;1,20E+10
1,60E+11;5,11E+10;7,40E+09;2,56E+11;0.000000000E0;3,82E+09;1,60E+10;1,60E+10
1,61E+11;5,11E+10;7,40E+09;2,56E+11;0.000000000E0;3,82E+09;1,60E+10;1,60E+10
1,62E+11;5,11E+10;7,40E+09;2,56E+11;0.000000000E0;3,82E+09;1,60E+10;1,60E+10
1,63E+11;5,11E+10;7,40E+09;2,56E+11;0.000000000E0;3,82E+09;1,60E+10;1,60E+10
1,64E+11;5,11E+10;7,40E+09;2,56E+11;0.000000000E0;3,82E+09;1,60E+10;1,60E+10
1,65E+11;5,11E+10;7,40E+09;2,56E+11;0.000000000E0;3,82E+09;1,60E+10;1,60E+10
1,66E+11;5,11E+10;7,40E+09;2,56E+11;0.000000000E0;3,82E+09;1,20E+10;1,20E+10
1,67E+11;5,11E+10;7,40E+09;2,56E+11;0.000000000E0;3,82E+09;1,20E+10;1,20E+10
1,68E+11;5,11E+10;7,40E+09;2,56E+11;0.000000000E0;3,82E+09;1,20E+10;1,20E+10
1,69E+11;5,11E+10;7,40E+09;2,56E+11;0.000000000E0;3,82E+09;1,20E+10;1,20E+10
1,70E+11;5,11E+10;7,40E+09;2,56E+11;0.000000000E0;3,82E+09;1,20E+10;1,20E+10
1,71E+11;5,11E+10;7,40E+09;2,56E+11;0.000000000E0;3,82E+09;1,60E+10;1,60E+10
1,72E+11;5,11E+10;7,40E+09;2,56E+11;0.000000000E0;3,82E+09;1,60E+10;1,60E+10
1,73E+11;5,11E+10;7,40E+09;2,56E+11;0.000000000E0;3,82E+09;1,60E+10;1,60E+10
1,74E+11;5,11E+10;7,40E+09;2,56E+11;0.000000000E0;3,82E+09;1,20E+10;1,20E+10
1,75E+11;5,11E+10;7,40E+09;2,56E+11;0.000000000E0;3,82E+09;1,60E+10;1,60E+10
1,76E+11;5,11E+10;7,40E+09;2,56E+11;0.000000000E0;3,82E+09;1,60E+10;1,60E+10
1,77E+11;5,11E+10;7,40E+09;2,56E+11;0.000000000E0;3,82E+09;1,20E+10;1,20E+10
1,78E+11;5,11E+10;7,40E+09;2,56E+11;0.000000000E0;3,82E+09;1,20E+10;1,20E+10
1,79E+11;5,11E+10;7,40E+09;2,56E+11;0.000000000E0;3,82E+09;1,20E+10;1,20E+10
1,80E+11;5,11E+10;7,40E+09;2,56E+11;0.000000000E0;3,82E+09;1,20E+10;1,20E+10
1,81E+11;5,11E+10;7,40E+09;2,56E+11;0.000000000E0;3,82E+09;1,20E+10;1,20E+10
1,82E+11;5,11E+10;7,40E+09;2,56E+11;0.000000000E0;3,82E+09;1,60E+10;1,60E+10
1,83E+11;5,11E+10;7,40E+09;2,56E+11;0.000000000E0;3,82E+09;1,20E+10;1,20E+10
1,84E+11;5,11E+10;7,40E+09;2,56E+11;0.000000000E0;3,82E+09;1,20E+10;1,20E+10
1,85E+11;5,11E+10;7,40E+09;2,56E+11;0.000000000E0;3,82E+09;1,60E+10;1,60E+10
1,86E+11;5,11E+10;7,40E+09;2,56E+11;0.000000000E0;3,82E+09;1,60E+10;1,60E+10
1,87E+11;5,11E+10;7,40E+09;2,56E+11;0.000000000E0;3,82E+09;1,60E+10;1,60E+10
1,88E+11;5,11E+10;7,40E+09;2,56E+11;0.000000000E0;3,82E+09;1,60E+10;1,60E+10
1,89E+11;5,11E+10;7,40E+09;2,56E+11;0.000000000E0;3,82E+09;1,20E+10;1,20E+10
1,90E+11;5,11E+10;7,40E+09;2,56E+11;0.000000000E0;3,82E+09;1,20E+10;1,20E+10
1,91E+11;5,11E+10;7,40E+09;2,56E+11;0.000000000E0;3,82E+09;1,20E+10;1,20E+10
1,92E+11;5,11E+10;7,40E+09;2,56E+11;0.000000000E0;3,82E+09;1,20E+10;1,20E+10
1,93E+11;5,11E+10;7,40E+09;2,56E+11;0.000000000E0;3,82E+09;1,20E+10;1,20E+10
1,94E+11;5,11E+10;7,40E+09;2,56E+11;0.000000000E0;3,82E+09;1,20E+10;1,20E+10
1,95E+11;5,11E+10;7,40E+09;2,56E+11;0.000000000E0;3,82E+09;1,20E+10;1,20E+10
1,96E+11;5,11E+10;7,40E+09;2,56E+11;0.000000000E0;3,82E+09;1,20E+10;1,20E+10
1,97E+11;5,11E+10;7,40E+09;2,56E+11;0.000000000E0;3,82E+09;1,60E+10;1,60E+10
1,98E+11;5,11E+10;7,40E+09;2,56E+11;0.000000000E0;3,82E+09;1,60E+10;1,60E+10
1,99E+11;5,11E+10;7,40E+09;2,56E+11;0.000000000E0;3,82E+09;1,20E+10;1,20E+10
2,00E+11;5,11E+10;7,40E+09;2,56E+11;0.000000000E0;3,82E+09;1,20E+10;1,20E+10
2,01E+11;5,11E+10;7,40E+09;2,56E+11;0.000000000E0;3,82E+09;1,20E+10;1,20E+10
2,02E+11;5,11E+10;7,40E+09;2,56E+11;0.000000000E0;3,82E+09;1,20E+10;1,20E+10
2,03E+11;5,11E+10;7,40E+09;2,56E+11;0.000000000E0;3,82E+09;1,20E+10;1,20E+10
2,04E+11;5,11E+10;7,40E+09;2,56E+11;0.000000000E0;3,82E+09;1,20E+10;1,20E+10
2,05E+11;5,11E+10;7,40E+09;2,56E+11;0.000000000E0;3,82E+09;1,20E+10;1,20E+10
2,06E+11;5,11E+10;7,40E+09;2,56E+11;0.000000000E0;3,82E+09;1,20E+10;1,20E+10
2,07E+11;5,11E+10;7,40E+09;2,56E+11;0.000000000E0;3,82E+09;1,20E+10;1,20E+10
2,08E+11;5,11E+10;7,40E+09;2,56E+11;0.000000000E0;3,82E+09;1,20E+10;1,20E+10
2,09E+11;5,11E+10;7,40E+09;2,56E+11;0.000000000E0;3,82E+09;1,20E+10;1,20E+10
2,10E+11;5,11E+10;7,40E+09;2,56E+11;0.000000000E0;3,82E+09;8,00E+09;8,00E+09
2,11E+11;5,11E+10;7,40E+09;2,56E+11;0.000000000E0;3,82E+09;8,00E+09;8,00E+09
2,12E+11;5,11E+10;7,40E+09;2,56E+11;0.000000000E0;3,82E+09;1,20E+10;1,20E+10
2,13E+11;5,11E+10;7,40E+09;2,56E+11;0.000000000E0;3,82E+09;1,20E+10;1,20E+10
2,14E+11;5,11E+10;7,40E+09;2,56E+11;0.000000000E0;3,82E+09;1,20E+10;1,20E+10
2,15E+11;5,11E+10;7,40E+09;2,56E+11;0.000000000E0;3,82E+09;1,20E+10;1,20E+10
2,16E+11;5,11E+10;7,40E+09;2,56E+11;0.000000000E0;3,82E+09;1,20E+10;1,20E+10
2,17E+11;5,11E+10;7,40E+09;2,56E+11;0.000000000E0;3,82E+09;1,20E+10;1,20E+10
2,18E+11;5,11E+10;7,40E+09;2,56E+11;0.000000000E0;3,82E+09;1,60E+10;1,60E+10
2,19E+11;5,11E+10;7,40E+09;2,56E+11;0.000000000E0;3,82E+09;1,20E+10;1,20E+10
2,20E+11;5,11E+10;7,40E+09;2,56E+11;0.000000000E0;3,82E+09;1,20E+10;1,20E+10
2,21E+11;5,11E+10;7,40E+09;2,56E+11;0.000000000E0;3,82E+09;1,20E+10;1,20E+10
2,22E+11;5,11E+10;7,40E+09;2,56E+11;0.000000000E0;3,82E+09;1,20E+10;1,20E+10
2,23E+11;5,11E+10;7,40E+09;2,56E+11;0.000000000E0;3,82E+09;1,20E+10;1,20E+10
2,24E+11;5,11E+10;7,40E+09;2,56E+11;0.000000000E0;3,82E+09;1,20E+10;1,20E+10
2,25E+11;5,11E+10;7,40E+09;2,56E+11;0.000000000E0;3,82E+09;1,20E+10;1,20E+10
2,26E+11;5,11E+10;7,40E+09;2,56E+11;0.000000000E0;3,82E+09;1,20E+10;1,20E+10
2,27E+11;5,11E+10;7,40E+09;2,56E+11;0.000000000E0;3,82E+09;1,20E+10;1,20E+10
2,28E+11;5,11E+10;7,40E+09;2,56E+11;0.000000000E0;3,82E+09;1,20E+10;1,20E+10
2,29E+11;5,11E+10;7,40E+09;2,56E+11;0.000000000E0;3,82E+09;1,20E+10;1,20E+10
2,30E+11;5,11E+10;7,40E+09;2,56E+11;0.000000000E0;3,82E+09;1,20E+10;1,20E+10
2,31E+11;5,11E+10;7,40E+09;2,56E+11;0.000000000E0;3,82E+09;1,20E+10;1,20E+10
2,32E+11;5,11E+10;7,40E+09;2,56E+11;0.000000000E0;3,82E+09;1,20E+10;1,20E+10
2,33E+11;5,11E+10;7,40E+09;2,56E+11;0.000000000E0;3,82E+09;1,20E+10;1,20E+10
2,34E+11;5,11E+10;7,40E+09;2,56E+11;0.000000000E0;3,82E+09;1,20E+10;1,20E+10
2,35E+11;5,11E+10;7,40E+09;2,56E+11;0.000000000E0;3,82E+09;1,20E+10;1,20E+10
2,36E+11;5,11E+10;7,40E+09;2,56E+11;0.000000000E0;3,82E+09;1,20E+10;1,20E+10
2,37E+11;5,11E+10;7,40E+09;2,56E+11;0.000000000E0;3,82E+09;1,20E+10;1,20E+10
2,38E+11;5,11E+10;7,40E+09;2,56E+11;0.000000000E0;3,82E+09;1,20E+10;1,20E+10
2,39E+11;5,11E+10;7,40E+09;2,56E+11;0.000000000E0;3,82E+09;1,60E+10;1,60E+10
2,40E+11;5,11E+10;7,40E+09;2,56E+11;0.000000000E0;3,82E+09;1,60E+10;1,60E+10
2,41E+11;5,11E+10;7,40E+09;2,56E+11;0.000000000E0;3,82E+09;1,60E+10;1,60E+10
2,42E+11;5,11E+10;7,40E+09;2,56E+11;0.000000000E0;3,82E+09;1,20E+10;1,20E+10
2,43E+11;5,11E+10;7,40E+09;2,56E+11;0.000000000E0;3,82E+09;1,20E+10;1,20E+10
2,44E+11;5,11E+10;7,40E+09;2,56E+11;0.000000000E0;3,82E+09;1,20E+10;1,20E+10
2,45E+11;5,11E+10;7,40E+09;2,56E+11;0.000000000E0;3,82E+09;1,60E+10;1,60E+10
2,46E+11;5,11E+10;7,40E+09;2,56E+11;0.000000000E0;3,82E+09;1,20E+10;1,20E+10
2,47E+11;5,11E+10;7,40E+09;2,56E+11;0.000000000E0;3,82E+09;1,20E+10;1,20E+10
2,48E+11;5,11E+10;7,40E+09;2,56E+11;0.000000000E0;3,82E+09;1,20E+10;1,20E+10
2,49E+11;5,11E+10;7,40E+09;2,56E+11;0.000000000E0;3,82E+09;1,20E+10;1,20E+10
2,50E+11;5,11E+10;7,40E+09;2,56E+11;0.000000000E0;3,82E+09;1,60E+10;1,60E+10
2,51E+11;5,11E+10;7,40E+09;2,56E+11;0.000000000E0;3,82E+09;1,60E+10;1,60E+10
2,52E+11;5,11E+10;7,40E+09;2,56E+11;0.000000000E0;3,82E+09;1,20E+10;1,20E+10
2,53E+11;5,11E+10;7,40E+09;2,56E+11;0.000000000E0;3,82E+09;1,20E+10;1,20E+10
2,54E+11;5,11E+10;7,40E+09;2,56E+11;0.000000000E0;3,82E+09;1,20E+10;1,20E+10
2,55E+11;5,11E+10;7,40E+09;2,56E+11;0.000000000E0;3,82E+09;1,20E+10;1,20E+10
2,56E+11;5,11E+10;7,40E+09;2,56E+11;0.000000000E0;3,82E+09;1,60E+10;1,60E+10
2,57E+11;5,11E+10;7,40E+09;2,56E+11;0.000000000E0;3,82E+09;1,20E+10;1,20E+10
2,58E+11;5,11E+10;7,40E+09;2,56E+11;0.000000000E0;3,82E+09;1,20E+10;1,20E+10
2,59E+11;5,11E+10;7,40E+09;2,56E+11;0.000000000E0;3,82E+09;1,20E+10;1,20E+10
2,60E+11;5,11E+10;7,40E+09;2,56E+11;0.000000000E0;3,82E+09;1,20E+10;1,20E+10
2,61E+11;5,11E+10;7,40E+09;2,56E+11;0.000000000E0;3,82E+09;8,00E+09;8,00E+09
2,62E+11;5,11E+10;7,40E+09;2,56E+11;0.000000000E0;3,82E+09;8,00E+09;8,00E+09
2,63E+11;5,11E+10;7,40E+09;2,56E+11;0.000000000E0;3,82E+09;1,20E+10;1,20E+10
2,64E+11;5,11E+10;7,40E+09;2,56E+11;0.000000000E0;3,82E+09;1,20E+10;1,20E+10
2,65E+11;5,11E+10;7,40E+09;2,56E+11;0.000000000E0;3,82E+09;1,20E+10;1,20E+10
2,66E+11;5,11E+10;7,40E+09;2,56E+11;0.000000000E0;3,82E+09;1,20E+10;1,20E+10
2,67E+11;5,11E+10;7,40E+09;2,56E+11;0.000000000E0;3,82E+09;1,20E+10;1,20E+10
2,68E+11;5,11E+10;7,40E+09;2,56E+11;0.000000000E0;3,82E+09;1,20E+10;1,20E+10
2,69E+11;5,11E+10;7,40E+09;2,56E+11;0.000000000E0;3,82E+09;1,20E+10;1,20E+10
2,70E+11;5,11E+10;7,40E+09;2,56E+11;0.000000000E0;3,82E+09;1,20E+10;1,20E+10
2,71E+11;5,11E+10;7,40E+09;2,56E+11;0.000000000E0;3,82E+09;1,20E+10;1,20E+10
2,72E+11;5,11E+10;7,40E+09;2,56E+11;0.000000000E0;3,82E+09;1,20E+10;1,20E+10
2,73E+11;5,11E+10;7,40E+09;2,56E+11;0.000000000E0;3,82E+09;1,20E+10;1,20E+10
2,74E+11;5,11E+10;7,40E+09;2,56E+11;0.000000000E0;3,82E+09;1,20E+10;1,20E+10
2,75E+11;5,11E+10;7,40E+09;2,56E+11;0.000000000E0;3,82E+09;1,20E+10;1,20E+10
2,76E+11;5,11E+10;7,40E+09;2,56E+11;0.000000000E0;3,82E+09;1,20E+10;1,20E+10
2,77E+11;5,11E+10;7,40E+09;2,56E+11;0.000000000E0;3,82E+09;1,20E+10;1,20E+10
2,78E+11;5,11E+10;7,40E+09;2,56E+11;0.000000000E0;3,82E+09;1,20E+10;1,20E+10
2,79E+11;5,11E+10;7,40E+09;2,56E+11;0.000000000E0;3,82E+09;8,00E+09;8,00E+09
2,80E+11;5,11E+10;7,40E+09;2,56E+11;0.000000000E0;3,82E+09;8,00E+09;8,00E+09
2,81E+11;5,11E+10;7,40E+09;2,56E+11;0.000000000E0;3,82E+09;1,60E+10;1,60E+10
2,82E+11;5,11E+10;7,40E+09;2,56E+11;0.000000000E0;3,82E+09;1,60E+10;1,60E+10
2,83E+11;5,11E+10;7,40E+09;2,56E+11;0.000000000E0;3,82E+09;1,60E+10;1,60E+10
2,84E+11;5,11E+10;7,40E+09;2,56E+11;0.000000000E0;3,82E+09;1,60E+10;1,60E+10
2,85E+11;5,11E+10;7,40E+09;2,56E+11;0.000000000E0;3,82E+09;1,60E+10;1,60E+10
2,86E+11;5,11E+10;7,40E+09;2,56E+11;0.000000000E0;3,82E+09;1,60E+10;1,60E+10
2,87E+11;5,11E+10;7,40E+09;2,56E+11;0.000000000E0;3,82E+09;1,60E+10;1,60E+10
2,88E+11;5,11E+10;7,40E+09;2,56E+11;0.000000000E0;3,82E+09;1,60E+10;1,60E+10
2,89E+11;5,11E+10;7,40E+09;2,56E+11;0.000000000E0;3,82E+09;1,60E+10;1,60E+10
2,90E+11;5,11E+10;7,40E+09;2,56E+11;0.000000000E0;3,82E+09;1,60E+10;1,60E+10
2,91E+11;5,11E+10;7,40E+09;2,56E+11;0.000000000E0;3,82E+09;1,60E+10;1,60E+10
2,92E+11;5,11E+10;7,40E+09;2,56E+11;0.000000000E0;3,82E+09;1,60E+10;1,60E+10
2,93E+11;5,11E+10;7,40E+09;2,56E+11;0.000000000E0;3,82E+09;1,60E+10;1,60E+10
2,94E+11;5,11E+10;7,40E+09;2,56E+11;0.000000000E0;3,82E+09;1,60E+10;1,60E+10
2,95E+11;5,11E+10;7,40E+09;2,56E+11;0.000000000E0;3,82E+09;1,60E+10;1,60E+10
2,96E+11;5,11E+10;7,40E+09;2,56E+11;0.000000000E0;3,82E+09;1,60E+10;1,60E+10
2,97E+11;5,11E+10;7,40E+09;2,56E+11;0.000000000E0;3,82E+09;1,60E+10;1,60E+10
2,98E+11;5,11E+10;7,40E+09;2,56E+11;0.000000000E0;3,82E+09;1,60E+10;1,60E+10
2,99E+11;5,11E+10;7,40E+09;2,56E+11;0.000000000E0;3,82E+09;1,60E+10;1,60E+10
3,00E+11;5,11E+10;7,40E+09;2,56E+11;0.000000000E0;3,82E+09;1,60E+10;1,60E+10
3,01E+11;5,11E+10;7,40E+09;2,56E+11;0.000000000E0;3,82E+09;1,60E+10;1,60E+10
3,02E+11;5,11E+10;7,40E+09;2,56E+11;0.000000000E0;3,82E+09;1,60E+10;1,60E+10
3,03E+11;5,11E+10;7,40E+09;2,56E+11;0.000000000E0;3,82E+09;1,60E+10;1,60E+10
3,04E+11;5,11E+10;7,40E+09;2,56E+11;0.000000000E0;3,82E+09;1,60E+10;1,60E+10
3,05E+11;5,11E+10;7,40E+09;2,56E+11;0.000000000E0;3,82E+09;1,60E+10;1,60E+10
3,06E+11;5,11E+10;7,40E+09;2,56E+11;0.000000000E0;3,82E+09;1,60E+10;1,60E+10
3,07E+11;5,11E+10;7,40E+09;2,56E+11;0.000000000E0;3,82E+09;1,60E+10;1,60E+10
3,08E+11;5,11E+10;7,40E+09;2,56E+11;0.000000000E0;3,82E+09;1,60E+10;1,60E+10
3,09E+11;5,11E+10;7,40E+09;2,56E+11;0.000000000E0;3,82E+09;1,60E+10;1,60E+10
3,10E+11;5,11E+10;7,40E+09;2,56E+11;0.000000000E0;3,82E+09;1,60E+10;1,60E+10
3,11E+11;5,11E+10;7,40E+09;2,56E+11;0.000000000E0;3,82E+09;1,60E+10;1,60E+10
3,12E+11;5,11E+10;7,40E+09;2,56E+11;0.000000000E0;3,82E+09;1,60E+10;1,60E+10
3,13E+11;5,11E+10;7,40E+09;2,56E+11;0.000000000E0;3,82E+09;1,60E+10;1,60E+10
3,14E+11;5,11E+10;7,40E+09;2,56E+11;0.000000000E0;3,82E+09;1,60E+10;1,60E+10
3,15E+11;5,11E+10;7,40E+09;2,56E+11;0.000000000E0;3,82E+09;1,60E+10;1,60E+10
3,16E+11;5,11E+10;7,40E+09;2,56E+11;0.000000000E0;3,82E+09;1,60E+10;1,60E+10
3,17E+11;5,11E+10;7,40E+09;2,56E+11;0.000000000E0;3,82E+09;1,60E+10;1,60E+10
3,18E+11;5,11E+10;7,40E+09;2,56E+11;0.000000000E0;3,82E+09;1,60E+10;1,60E+10
3,19E+11;5,11E+10;7,40E+09;2,56E+11;0.000000000E0;3,82E+09;1,60E+10;1,60E+10
3,20E+11;5,11E+10;7,40E+09;2,56E+11;0.000000000E0;3,82E+09;1,60E+10;1,60E+10
3,21E+11;5,11E+10;7,40E+09;2,56E+11;0.000000000E0;3,82E+09;1,60E+10;1,60E+10
3,22E+11;5,11E+10;7,40E+09;2,56E+11;0.000000000E0;3,82E+09;1,60E+10;1,60E+10
3,23E+11;5,11E+10;7,40E+09;2,56E+11;0.000000000E0;3,82E+09;1,60E+10;1,60E+10
3,24E+11;5,11E+10;7,40E+09;2,56E+11;0.000000000E0;3,82E+09;1,60E+10;1,60E+10
3,25E+11;5,11E+10;7,40E+09;2,56E+11;0.000000000E0;3,82E+09;1,60E+10;1,60E+10
3,26E+11;5,11E+10;7,40E+09;2,56E+11;0.000000000E0;3,82E+09;1,60E+10;1,60E+10
3,27E+11;5,11E+10;7,40E+09;2,56E+11;0.000000000E0;3,82E+09;1,60E+10;1,60E+10
3,28E+11;5,11E+10;7,40E+09;2,56E+11;0.000000000E0;3,82E+09;1,60E+10;1,60E+10
3,29E+11;5,11E+10;7,40E+09;2,56E+11;0.000000000E0;3,82E+09;1,60E+10;1,60E+10
3,30E+11;5,11E+10;7,40E+09;2,56E+11;0.000000000E0;3,82E+09;1,60E+10;1,60E+10
3,31E+11;5,11E+10;7,40E+09;2,56E+11;0.000000000E0;3,82E+09;1,60E+10;1,60E+10
3,32E+11;5,11E+10;7,40E+09;2,56E+11;0.000000000E0;3,82E+09;1,60E+10;1,60E+10
3,33E+11;5,11E+10;7,40E+09;2,56E+11;0.000000000E0;3,82E+09;1,60E+10;1,60E+10
3,34E+11;5,11E+10;7,40E+09;2,56E+11;0.000000000E0;3,82E+09;1,60E+10;1,60E+10
3,35E+11;5,11E+10;7,40E+09;2,56E+11;0.000000000E0;3,82E+09;1,60E+10;1,60E+10
3,36E+11;5,11E+10;7,40E+09;2,56E+11;0.000000000E0;3,82E+09;1,60E+10;1,60E+10
3,37E+11;5,11E+10;7,40E+09;2,56E+11;0.000000000E0;3,82E+09;1,60E+10;1,60E+10
3,38E+11;5,11E+10;7,40E+09;2,56E+11;0.000000000E0;3,82E+09;1,60E+10;1,60E+10
3,39E+11;5,11E+10;7,40E+09;2,56E+11;0.000000000E0;3,82E+09;1,60E+10;1,60E+10
3,40E+11;5,11E+10;7,40E+09;2,56E+11;0.000000000E0;3,82E+09;1,60E+10;1,60E+10
3,41E+11;5,11E+10;7,40E+09;2,56E+11;0.000000000E0;3,82E+09;1,60E+10;1,60E+10
3,42E+11;5,11E+10;7,40E+09;2,56E+11;0.000000000E0;3,82E+09;1,60E+10;1,60E+10
3,43E+11;5,11E+10;7,40E+09;2,56E+11;0.000000000E0;3,82E+09;1,60E+10;1,60E+10
3,44E+11;5,11E+10;7,40E+09;2,56E+11;0.000000000E0;3,82E+09;1,60E+10;1,60E+10
3,45E+11;5,11E+10;7,40E+09;2,56E+11;0.000000000E0;3,82E+09;1,60E+10;1,60E+10
3,46E+11;5,11E+10;7,40E+09;2,56E+11;0.000000000E0;3,82E+09;1,60E+10;1,60E+10
3,47E+11;5,11E+10;7,40E+09;2,56E+11;0.000000000E0;3,82E+09;1,60E+10;1,60E+10
3,48E+11;5,11E+10;7,40E+09;2,56E+11;0.000000000E0;3,82E+09;1,60E+10;1,60E+10
3,49E+11;5,11E+10;7,40E+09;2,56E+11;0.000000000E0;3,82E+09;1,60E+10;1,60E+10
3,50E+11;5,11E+10;7,40E+09;2,56E+11;0.000000000E0;3,82E+09;1,60E+10;1,60E+10
3,51E+11;5,11E+10;7,40E+09;2,56E+11;0.000000000E0;3,82E+09;1,60E+10;1,60E+10
3,52E+11;5,11E+10;7,40E+09;2,56E+11;0.000000000E0;3,82E+09;1,60E+10;1,60E+10
3,53E+11;5,11E+10;7,40E+09;2,56E+11;0.000000000E0;3,82E+09;1,60E+10;1,60E+10
3,54E+11;5,11E+10;7,40E+09;2,56E+11;0.000000000E0;3,82E+09;1,60E+10;1,60E+10
3,55E+11;5,11E+10;7,40E+09;2,56E+11;0.000000000E0;3,82E+09;1,60E+10;1,60E+10
3,56E+11;5,11E+10;7,40E+09;2,56E+11;0.000000000E0;3,82E+09;1,60E+10;1,60E+10
3,57E+11;5,11E+10;7,40E+09;2,56E+11;0.000000000E0;3,82E+09;1,60E+10;1,60E+10
3,58E+11;5,11E+10;7,40E+09;2,56E+11;0.000000000E0;3,82E+09;1,60E+10;1,60E+10
3,59E+11;5,11E+10;7,40E+09;2,56E+11;0.000000000E0;3,82E+09;1,60E+10;1,60E+10
3,60E+11;5,11E+10;7,40E+09;2,56E+11;0.000000000E0;3,82E+09;1,60E+10;1,60E+10
3,61E+11;5,11E+10;7,40E+09;2,56E+11;0.000000000E0;3,82E+09;1,60E+10;1,60E+10
3,62E+11;5,11E+10;7,40E+09;2,56E+11;0.000000000E0;3,82E+09;1,60E+10;1,60E+10
3,63E+11;5,11E+10;7,40E+09;2,56E+11;0.000000000E0;3,82E+09;1,60E+10;1,60E+10
3,64E+11;5,11E+10;7,40E+09;2,56E+11;0.000000000E0;3,82E+09;1,60E+10;1,60E+10
3,65E+11;5,11E+10;7,40E+09;2,56E+11;0.000000000E0;3,82E+09;1,60E+10;1,60E+10
3,66E+11;5,11E+10;7,40E+09;2,56E+11;0.000000000E0;3,82E+09;1,60E+10;1,60E+10
3,67E+11;5,11E+10;7,40E+09;2,56E+11;0.000000000E0;3,82E+09;1,60E+10;1,60E+10
3,68E+11;5,11E+10;7,40E+09;2,56E+11;0.000000000E0;3,82E+09;1,60E+10;1,60E+10
3,69E+11;5,11E+10;7,40E+09;2,56E+11;0.000000000E0;3,82E+09;1,60E+10;1,60E+10
3,70E+11;5,11E+10;7,40E+09;2,56E+11;0.000000000E0;3,82E+09;1,60E+10;1,60E+10
3,71E+11;5,11E+10;7,40E+09;2,56E+11;0.000000000E0;3,82E+09;1,60E+10;1,60E+10
3,72E+11;5,11E+10;7,40E+09;2,56E+11;0.000000000E0;3,82E+09;1,60E+10;1,60E+10
3,73E+11;5,11E+10;7,40E+09;2,56E+11;0.000000000E0;3,82E+09;1,60E+10;1,60E+10
3,74E+11;5,11E+10;7,40E+09;2,56E+11;0.000000000E0;3,82E+09;1,60E+10;1,60E+10
3,75E+11;5,11E+10;7,40E+09;2,56E+11;0.000000000E0;3,82E+09;8,00E+09;8,00E+09
3,76E+11;5,11E+10;7,40E+09;2,56E+11;0.000000000E0;3,82E+09;8,00E+09;8,00E+09
3,77E+11;5,11E+10;7,40E+09;2,56E+11;0.000000000E0;3,82E+09;8,00E+09;8,00E+09
3,78E+11;5,11E+10;7,40E+09;2,56E+11;0.000000000E0;3,82E+09;8,00E+09;8,00E+09
3,79E+11;5,11E+10;7,40E+09;2,56E+11;0.000000000E0;3,82E+09;8,00E+09;8,00E+09
3,80E+11;5,11E+10;7,40E+09;2,56E+11;0.000000000E0;3,82E+09;8,00E+09;8,00E+09
3,81E+11;5,11E+10;7,40E+09;2,56E+11;0.000000000E0;3,82E+09;8,00E+09;8,00E+09
3,82E+11;5,11E+10;7,40E+09;2,56E+11;0.000000000E0;3,82E+09;8,00E+09;8,00E+09
3,83E+11;5,11E+10;7,40E+09;2,56E+11;0.000000000E0;3,82E+09;8,00E+09;8,00E+09
3,84E+11;5,11E+10;7,40E+09;2,56E+11;0.000000000E0;3,82E+09;8,00E+09;8,00E+09
3,85E+11;5,11E+10;7,40E+09;2,56E+11;0.000000000E0;3,82E+09;8,00E+09;8,00E+09
3,86E+11;5,11E+10;7,40E+09;2,56E+11;0.000000000E0;3,82E+09;8,00E+09;8,00E+09
3,87E+11;5,11E+10;7,40E+09;2,56E+11;0.000000000E0;3,82E+09;8,00E+09;8,00E+09
3,88E+11;5,11E+10;7,40E+09;2,56E+11;0.000000000E0;3,82E+09;8,00E+09;8,00E+09
3,89E+11;5,11E+10;7,40E+09;2,56E+11;0.000000000E0;3,82E+09;8,00E+09;8,00E+09
3,90E+11;5,11E+10;7,40E+09;2,56E+11;0.000000000E0;3,82E+09;1,60E+10;1,60E+10
3,91E+11;5,11E+10;7,40E+09;2,56E+11;0.000000000E0;3,82E+09;1,60E+10;1,60E+10
3,92E+11;5,11E+10;7,40E+09;2,56E+11;0.000000000E0;3,82E+09;1,60E+10;1,60E+10
3,93E+11;5,11E+10;7,40E+09;2,56E+11;0.000000000E0;3,82E+09;1,60E+10;1,60E+10
3,94E+11;5,11E+10;7,40E+09;2,56E+11;0.000000000E0;3,82E+09;1,60E+10;1,60E+10
3,95E+11;5,11E+10;7,40E+09;2,56E+11;0.000000000E0;3,82E+09;1,60E+10;1,60E+10
3,96E+11;5,11E+10;7,40E+09;2,56E+11;0.000000000E0;3,82E+09;1,60E+10;1,60E+10
3,97E+11;5,11E+10;7,40E+09;2,56E+11;0.000000000E0;3,82E+09;1,60E+10;1,60E+10
3,98E+11;5,11E+10;7,40E+09;2,56E+11;0.000000000E0;3,82E+09;1,60E+10;1,60E+10
3,99E+11;5,11E+10;7,40E+09;2,56E+11;0.000000000E0;3,82E+09;1,60E+10;1,60E+10
4,00E+11;5,11E+10;7,40E+09;2,56E+11;0.000000000E0;3,82E+09;1,60E+10;1,60E+10
4,01E+11;5,11E+10;7,40E+09;2,56E+11;0.000000000E0;3,82E+09;1,60E+10;1,60E+10
4,02E+11;5,11E+10;7,40E+09;2,56E+11;0.000000000E0;3,82E+09;1,60E+10;1,60E+10
4,03E+11;5,11E+10;7,40E+09;2,56E+11;0.000000000E0;3,82E+09;1,60E+10;1,60E+10
4,04E+11;5,11E+10;7,40E+09;2,56E+11;0.000000000E0;3,82E+09;1,60E+10;1,60E+10
4,05E+11;5,11E+10;7,40E+09;2,56E+11;0.000000000E0;3,82E+09;1,60E+10;1,60E+10
4,06E+11;5,11E+10;7,40E+09;2,56E+11;0.000000000E0;3,82E+09;1,60E+10;1,60E+10
4,07E+11;5,11E+10;7,40E+09;2,56E+11;0.000000000E0;3,82E+09;1,60E+10;1,60E+10
4,08E+11;5,11E+10;7,40E+09;2,56E+11;0.000000000E0;3,82E+09;1,60E+10;1,60E+10
4,09E+11;5,11E+10;7,40E+09;2,56E+11;0.000000000E0;3,82E+09;1,60E+10;1,60E+10
4,10E+11;5,11E+10;7,40E+09;2,56E+11;0.000000000E0;3,82E+09;1,60E+10;1,60E+10
4,11E+11;5,11E+10;7,40E+09;2,56E+11;0.000000000E0;3,82E+09;1,60E+10;1,60E+10
4,12E+11;5,11E+10;7,40E+09;2,56E+11;0.000000000E0;3,82E+09;1,60E+10;1,60E+10
4,13E+11;5,11E+10;7,40E+09;2,56E+11;0.000000000E0;3,82E+09;1,60E+10;1,60E+10
4,14E+11;5,11E+10;7,40E+09;2,56E+11;0.000000000E0;3,82E+09;1,60E+10;1,60E+10
4,15E+11;5,11E+10;7,40E+09;2,56E+11;0.000000000E0;3,82E+09;1,60E+10;1,60E+10
4,16E+11;5,11E+10;7,40E+09;2,56E+11;0.000000000E0;3,82E+09;1,60E+10;1,60E+10
4,17E+11;5,11E+10;7,40E+09;2,56E+11;0.000000000E0;3,82E+09;1,60E+10;1,60E+10
4,18E+11;5,11E+10;7,40E+09;2,56E+11;0.000000000E0;3,82E+09;1,60E+10;1,60E+10
4,19E+11;5,11E+10;7,40E+09;2,56E+11;0.000000000E0;3,82E+09;1,60E+10;1,60E+10
4,20E+11;5,11E+10;7,40E+09;2,56E+11;0.000000000E0;3,82E+09;1,60E+10;1,60E+10
4,21E+11;5,11E+10;7,40E+09;2,56E+11;0.000000000E0;3,82E+09;1,60E+10;1,60E+10
4,22E+11;5,11E+10;7,40E+09;2,56E+11;0.000000000E0;3,82E+09;1,60E+10;1,60E+10
4,23E+11;5,11E+10;7,40E+09;2,56E+11;0.000000000E0;3,82E+09;1,60E+10;1,60E+10
4,24E+11;5,11E+10;7,40E+09;2,56E+11;0.000000000E0;3,82E+09;1,60E+10;1,60E+10
4,25E+11;5,11E+10;7,40E+09;2,56E+11;0.000000000E0;3,82E+09;1,60E+10;1,60E+10
4,26E+11;5,11E+10;7,40E+09;2,56E+11;0.000000000E0;3,82E+09;1,60E+10;1,60E+10
4,27E+11;5,11E+10;7,40E+09;2,56E+11;0.000000000E0;3,82E+09;1,60E+10;1,60E+10
4,28E+11;5,11E+10;7,40E+09;2,56E+11;0.000000000E0;3,82E+09;1,60E+10;1,60E+10
4,29E+11;5,11E+10;7,40E+09;2,56E+11;0.000000000E0;3,82E+09;1,60E+10;1,60E+10
4,30E+11;5,11E+10;7,40E+09;2,56E+11;0.000000000E0;3,82E+09;1,60E+10;1,60E+10
4,31E+11;5,11E+10;7,40E+09;2,56E+11;0.000000000E0;3,82E+09;1,60E+10;1,60E+10
4,32E+11;5,11E+10;7,40E+09;2,56E+11;0.000000000E0;3,82E+09;1,60E+10;1,60E+10
4,33E+11;5,11E+10;7,40E+09;2,56E+11;0.000000000E0;3,82E+09;1,60E+10;1,60E+10
4,34E+11;5,11E+10;7,40E+09;2,56E+11;0.000000000E0;3,82E+09;1,60E+10;1,60E+10
4,35E+11;5,11E+10;7,40E+09;2,56E+11;0.000000000E0;3,82E+09;1,60E+10;1,60E+10
4,36E+11;5,11E+10;7,40E+09;2,56E+11;0.000000000E0;3,82E+09;1,60E+10;1,60E+10
4,37E+11;5,11E+10;7,40E+09;2,56E+11;0.000000000E0;3,82E+09;1,60E+10;1,60E+10
4,38E+11;5,11E+10;7,40E+09;2,56E+11;0.000000000E0;3,82E+09;1,60E+10;1,60E+10
4,39E+11;5,11E+10;7,40E+09;2,56E+11;0.000000000E0;3,82E+09;1,60E+10;1,60E+10
4,40E+11;5,11E+10;7,40E+09;2,56E+11;0.000000000E0;3,82E+09;1,60E+10;1,60E+10
4,41E+11;5,11E+10;7,40E+09;2,56E+11;0.000000000E0;3,82E+09;1,60E+10;1,60E+10
4,42E+11;5,11E+10;7,40E+09;2,56E+11;0.000000000E0;3,82E+09;1,60E+10;1,60E+10
4,43E+11;5,11E+10;7,40E+09;2,56E+11;0.000000000E0;3,82E+09;1,60E+10;1,60E+10
4,44E+11;5,11E+10;7,40E+09;2,56E+11;0.000000000E0;3,82E+09;1,60E+10;1,60E+10
4,45E+11;5,11E+10;7,40E+09;2,56E+11;0.000000000E0;3,82E+09;1,60E+10;1,60E+10
4,46E+11;5,11E+10;7,40E+09;2,56E+11;0.000000000E0;3,82E+09;1,60E+10;1,60E+10
4,47E+11;5,11E+10;7,40E+09;2,56E+11;0.000000000E0;3,82E+09;1,60E+10;1,60E+10
4,48E+11;5,11E+10;7,40E+09;2,56E+11;0.000000000E0;3,82E+09;1,60E+10;1,60E+10
4,49E+11;5,11E+10;7,40E+09;2,56E+11;0.000000000E0;3,82E+09;1,60E+10;1,60E+10
4,50E+11;5,11E+10;7,40E+09;2,56E+11;0.000000000E0;3,82E+09;1,60E+10;1,60E+10
4,51E+11;5,11E+10;7,40E+09;2,56E+11;0.000000000E0;3,82E+09;1,60E+10;1,60E+10
4,52E+11;5,11E+10;7,40E+09;2,56E+11;0.000000000E0;3,82E+09;1,60E+10;1,60E+10
4,53E+11;5,11E+10;7,40E+09;2,56E+11;0.000000000E0;3,82E+09;1,60E+10;1,60E+10
4,54E+11;5,11E+10;7,40E+09;2,56E+11;0.000000000E0;3,82E+09;1,60E+10;1,60E+10
4,55E+11;5,11E+10;7,40E+09;2,56E+11;0.000000000E0;3,82E+09;1,60E+10;1,60E+10
4,56E+11;5,11E+10;7,40E+09;2,56E+11;0.000000000E0;3,82E+09;1,60E+10;1,60E+10
4,57E+11;5,11E+10;7,40E+09;2,56E+11;0.000000000E0;3,82E+09;1,60E+10;1,60E+10
4,58E+11;5,11E+10;7,40E+09;2,56E+11;0.000000000E0;3,82E+09;1,60E+10;1,60E+10
4,59E+11;5,11E+10;7,40E+09;2,56E+11;0.000000000E0;3,82E+09;1,60E+10;1,60E+10
4,60E+11;5,11E+10;7,40E+09;2,56E+11;0.000000000E0;3,82E+09;1,60E+10;1,60E+10
4,61E+11;5,11E+10;7,40E+09;2,56E+11;0.000000000E0;3,82E+09;1,60E+10;1,60E+10
4,62E+11;5,11E+10;7,40E+09;2,56E+11;0.000000000E0;3,82E+09;1,60E+10;1,60E+10
4,63E+11;5,11E+10;7,40E+09;2,56E+11;0.000000000E0;3,82E+09;1,60E+10;1,60E+10
4,64E+11;5,11E+10;7,40E+09;2,56E+11;0.000000000E0;3,82E+09;1,60E+10;1,60E+10
4,65E+11;5,11E+10;7,40E+09;2,56E+11;0.000000000E0;3,82E+09;1,60E+10;1,60E+10
4,66E+11;5,11E+10;7,40E+09;2,56E+11;0.000000000E0;3,82E+09;1,60E+10;1,60E+10
4,67E+11;5,11E+10;7,40E+09;2,56E+11;0.000000000E0;3,82E+09;1,60E+10;1,60E+10
4,68E+11;5,11E+10;7,40E+09;2,56E+11;0.000000000E0;3,82E+09;1,60E+10;1,60E+10
4,69E+11;5,11E+10;7,40E+09;2,56E+11;0.000000000E0;3,82E+09;1,60E+10;1,60E+10
4,70E+11;5,11E+10;7,40E+09;2,56E+11;0.000000000E0;3,82E+09;1,60E+10;1,60E+10
4,71E+11;5,11E+10;7,40E+09;2,56E+11;0.000000000E0;3,82E+09;1,60E+10;1,60E+10
4,72E+11;5,11E+10;7,40E+09;2,56E+11;0.000000000E0;3,82E+09;1,60E+10;1,60E+10
4,73E+11;5,11E+10;7,40E+09;2,56E+11;0.000000000E0;3,82E+09;1,60E+10;1,60E+10
4,74E+11;5,11E+10;7,40E+09;2,56E+11;0.000000000E0;3,82E+09;1,60E+10;1,60E+10
4,75E+11;5,11E+10;7,40E+09;2,56E+11;0.000000000E0;3,82E+09;1,60E+10;1,60E+10
4,76E+11;5,11E+10;7,40E+09;2,56E+11;0.000000000E0;3,82E+09;1,60E+10;1,60E+10
4,77E+11;5,11E+10;7,40E+09;2,56E+11;0.000000000E0;3,82E+09;1,60E+10;1,60E+10
4,78E+11;5,11E+10;7,40E+09;2,56E+11;0.000000000E0;3,82E+09;1,60E+10;1,60E+10
4,79E+11;5,11E+10;7,40E+09;2,56E+11;0.000000000E0;3,82E+09;1,60E+10;1,60E+10
4,80E+11;5,11E+10;7,40E+09;2,56E+11;0.000000000E0;3,82E+09;1,60E+10;1,60E+10
4,81E+11;5,11E+10;7,40E+09;2,56E+11;0.000000000E0;3,82E+09;1,60E+10;1,60E+10
4,82E+11;5,11E+10;7,40E+09;2,56E+11;0.000000000E0;3,82E+09;1,60E+10;1,60E+10
4,83E+11;5,11E+10;7,40E+09;2,56E+11;0.000000000E0;3,82E+09;1,60E+10;1,60E+10
4,84E+11;5,11E+10;7,40E+09;2,56E+11;0.000000000E0;3,82E+09;1,60E+10;1,60E+10
4,85E+11;5,11E+10;7,40E+09;2,56E+11;0.000000000E0;3,82E+09;1,60E+10;1,60E+10
4,86E+11;5,11E+10;7,40E+09;2,56E+11;0.000000000E0;3,82E+09;1,60E+10;1,60E+10
4,87E+11;5,11E+10;7,40E+09;2,56E+11;0.000000000E0;3,82E+09;1,60E+10;1,60E+10
4,88E+11;5,11E+10;7,40E+09;2,56E+11;0.000000000E0;3,82E+09;1,60E+10;1,60E+10
4,89E+11;5,11E+10;7,40E+09;2,56E+11;0.000000000E0;3,82E+09;1,60E+10;1,60E+10
4,90E+11;5,11E+10;7,40E+09;2,56E+11;0.000000000E0;3,82E+09;1,60E+10;1,60E+10
4,91E+11;5,11E+10;7,40E+09;2,56E+11;0.000000000E0;3,82E+09;1,60E+10;1,60E+10
4,92E+11;5,11E+10;7,40E+09;2,56E+11;0.000000000E0;3,82E+09;1,60E+10;1,60E+10
4,93E+11;5,11E+10;7,40E+09;2,56E+11;0.000000000E0;3,82E+09;1,60E+10;1,60E+10
4,94E+11;5,11E+10;7,40E+09;2,56E+11;0.000000000E0;3,82E+09;1,60E+10;1,60E+10
4,95E+11;5,11E+10;7,40E+09;2,56E+11;0.000000000E0;3,82E+09;1,60E+10;1,60E+10
4,96E+11;5,11E+10;7,40E+09;2,56E+11;0.000000000E0;3,82E+09;1,60E+10;1,60E+10
4,97E+11;5,11E+10;7,40E+09;2,56E+11;0.000000000E0;3,82E+09;1,60E+10;1,60E+10
4,98E+11;5,11E+10;7,40E+09;2,56E+11;0.000000000E0;3,82E+09;1,60E+10;1,60E+10
4,99E+11;5,11E+10;7,40E+09;2,56E+11;0.000000000E0;3,82E+09;1,60E+10;1,60E+10
5,00E+11;5,11E+10;7,40E+09;2,56E+11;0.000000000E0;3,82E+09;1,60E+10;1,60E+10
5,01E+11;5,11E+10;7,40E+09;2,56E+11;0.000000000E0;3,82E+09;1,60E+10;1,60E+10
5,02E+11;5,11E+10;7,40E+09;2,56E+11;0.000000000E0;3,82E+09;1,60E+10;1,60E+10
5,03E+11;5,11E+10;7,40E+09;2,56E+11;0.000000000E0;3,82E+09;1,60E+10;1,60E+10
5,04E+11;5,11E+10;7,40E+09;2,56E+11;0.000000000E0;3,82E+09;1,60E+10;1,60E+10
5,05E+11;5,11E+10;7,40E+09;2,56E+11;0.000000000E0;3,82E+09;1,60E+10;1,60E+10
5,06E+11;5,11E+10;7,40E+09;2,56E+11;0.000000000E0;3,82E+09;1,60E+10;1,60E+10
5,07E+11;5,11E+10;7,40E+09;2,56E+11;0.000000000E0;3,82E+09;1,60E+10;1,60E+10
5,08E+11;5,11E+10;7,40E+09;2,56E+11;0.000000000E0;3,82E+09;1,60E+10;1,60E+10
5,09E+11;5,11E+10;7,40E+09;2,56E+11;0.000000000E0;3,82E+09;1,60E+10;1,60E+10
5,10E+11;5,11E+10;7,40E+09;2,56E+11;0.000000000E0;3,82E+09;1,60E+10;1,60E+10
5,11E+11;5,11E+10;7,40E+09;2,56E+11;0.000000000E0;3,82E+09;1,60E+10;1,60E+10
5,12E+11;5,11E+10;7,40E+09;2,56E+11;0.000000000E0;3,82E+09;1,60E+10;1,60E+10
5,13E+11;5,11E+10;7,40E+09;2,56E+11;0.000000000E0;3,82E+09;1,60E+10;1,60E+10
5,14E+11;5,11E+10;7,40E+09;2,56E+11;0.000000000E0;3,82E+09;1,60E+10;1,60E+10
5,15E+11;5,11E+10;7,40E+09;2,56E+11;0.000000000E0;3,82E+09;1,60E+10;1,60E+10
5,16E+11;5,11E+10;7,40E+09;2,56E+11;0.000000000E0;3,82E+09;1,60E+10;1,60E+10
5,17E+11;5,11E+10;7,40E+09;2,56E+11;0.000000000E0;3,82E+09;1,60E+10;1,60E+10
5,18E+11;5,11E+10;7,40E+09;2,56E+11;0.000000000E0;3,82E+09;1,60E+10;1,60E+10
5,19E+11;5,11E+10;7,40E+09;2,56E+11;0.000000000E0;3,82E+09;1,60E+10;1,60E+10
5,20E+11;5,11E+10;7,40E+09;2,56E+11;0.000000000E0;3,82E+09;1,60E+10;1,60E+10
5,21E+11;5,11E+10;7,40E+09;2,56E+11;0.000000000E0;3,82E+09;1,60E+10;1,60E+10
5,22E+11;5,11E+10;7,40E+09;2,56E+11;0.000000000E0;3,82E+09;1,60E+10;1,60E+10
5,23E+11;5,11E+10;7,40E+09;2,56E+11;0.000000000E0;3,82E+09;1,60E+10;1,60E+10
5,24E+11;5,11E+10;7,40E+09;2,56E+11;0.000000000E0;3,82E+09;1,60E+10;1,60E+10
5,25E+11;5,11E+10;7,40E+09;2,56E+11;0.000000000E0;3,82E+09;1,60E+10;1,60E+10
5,26E+11;5,11E+10;7,40E+09;2,56E+11;0.000000000E0;3,82E+09;1,60E+10;1,60E+10
5,27E+11;5,11E+10;7,40E+09;2,56E+11;0.000000000E0;3,82E+09;1,60E+10;1,60E+10
5,28E+11;5,11E+10;7,40E+09;2,56E+11;0.000000000E0;3,82E+09;1,60E+10;1,60E+10
5,29E+11;5,11E+10;7,40E+09;2,56E+11;0.000000000E0;3,82E+09;1,60E+10;1,60E+10
5,30E+11;5,11E+10;7,40E+09;2,56E+11;0.000000000E0;3,82E+09;3,20E+10;3,20E+10
5,31E+11;5,11E+10;7,40E+09;2,56E+11;0.000000000E0;3,82E+09;3,20E+10;3,20E+10
5,32E+11;5,11E+10;7,40E+09;2,56E+11;0.000000000E0;3,82E+09;3,20E+10;3,20E+10
5,33E+11;5,11E+10;7,40E+09;2,56E+11;0.000000000E0;3,82E+09;3,20E+10;3,20E+10
5,34E+11;5,11E+10;7,40E+09;2,56E+11;0.000000000E0;3,82E+09;3,20E+10;3,20E+10
5,35E+11;5,11E+10;7,40E+09;2,56E+11;0.000000000E0;3,82E+09;3,20E+10;3,20E+10
5,36E+11;5,11E+10;7,40E+09;2,56E+11;0.000000000E0;3,82E+09;3,20E+10;3,20E+10
5,37E+11;5,11E+10;7,40E+09;2,56E+11;0.000000000E0;3,82E+09;3,20E+10;3,20E+10
5,38E+11;5,11E+10;7,40E+09;2,56E+11;0.000000000E0;3,82E+09;3,20E+10;3,20E+10
5,39E+11;5,11E+10;7,40E+09;2,56E+11;0.000000000E0;3,82E+09;3,20E+10;3,20E+10
5,40E+11;5,11E+10;7,40E+09;2,56E+11;0.000000000E0;3,82E+09;3,20E+10;3,20E+10
5,41E+11;5,11E+10;7,40E+09;2,56E+11;0.000000000E0;3,82E+09;3,20E+10;3,20E+10
5,42E+11;5,11E+10;7,40E+09;2,56E+11;0.000000000E0;3,82E+09;3,20E+10;3,20E+10
5,43E+11;5,11E+10;7,40E+09;2,56E+11;0.000000000E0;3,82E+09;3,20E+10;3,20E+10
5,44E+11;5,11E+10;7,40E+09;2,56E+11;0.000000000E0;3,82E+09;3,20E+10;3,20E+10
5,45E+11;5,11E+10;7,40E+09;2,56E+11;0.000000000E0;3,82E+09;3,20E+10;3,20E+10
5,46E+11;5,11E+10;7,40E+09;2,56E+11;0.000000000E0;3,82E+09;3,20E+10;3,20E+10
5,47E+11;5,11E+10;7,40E+09;2,56E+11;0.000000000E0;3,82E+09;3,20E+10;3,20E+10
5,48E+11;5,11E+10;7,40E+09;2,56E+11;0.000000000E0;3,82E+09;3,20E+10;3,20E+10
5,49E+11;5,11E+10;7,40E+09;2,56E+11;0.000000000E0;3,82E+09;1,60E+10;1,60E+10
5,50E+11;5,11E+10;7,40E+09;2,56E+11;0.000000000E0;3,82E+09;1,60E+10;1,60E+10
5,51E+11;5,11E+10;7,40E+09;2,56E+11;0.000000000E0;3,82E+09;1,60E+10;1,60E+10
5,52E+11;5,11E+10;7,40E+09;2,56E+11;0.000000000E0;3,82E+09;1,60E+10;1,60E+10
5,53E+11;5,11E+10;7,40E+09;2,56E+11;0.000000000E0;3,82E+09;1,60E+10;1,60E+10
5,54E+11;5,11E+10;7,40E+09;2,56E+11;0.000000000E0;3,82E+09;1,60E+10;1,60E+10
5,55E+11;5,11E+10;7,40E+09;2,56E+11;0.000000000E0;3,82E+09;1,60E+10;1,60E+10
5,56E+11;5,11E+10;7,40E+09;2,56E+11;0.000000000E0;3,82E+09;1,60E+10;1,60E+10
5,57E+11;5,11E+10;7,40E+09;2,56E+11;0.000000000E0;3,82E+09;1,60E+10;1,60E+10
5,58E+11;5,11E+10;7,40E+09;2,56E+11;0.000000000E0;3,82E+09;1,60E+10;1,60E+10
5,59E+11;5,11E+10;7,40E+09;2,56E+11;0.000000000E0;3,82E+09;1,60E+10;1,60E+10
5,60E+11;5,11E+10;7,40E+09;2,56E+11;0.000000000E0;3,82E+09;1,60E+10;1,60E+10
5,61E+11;5,11E+10;7,40E+09;2,56E+11;0.000000000E0;3,82E+09;1,60E+10;1,60E+10
5,62E+11;5,11E+10;7,40E+09;2,56E+11;0.000000000E0;3,82E+09;1,60E+10;1,60E+10
5,63E+11;5,11E+10;7,40E+09;2,56E+11;0.000000000E0;3,82E+09;1,60E+10;1,60E+10
5,64E+11;5,11E+10;7,40E+09;2,56E+11;0.000000000E0;3,82E+09;1,60E+10;1,60E+10
5,65E+11;5,11E+10;7,40E+09;2,56E+11;0.000000000E0;3,82E+09;1,60E+10;1,60E+10
5,66E+11;5,11E+10;7,40E+09;2,56E+11;0.000000000E0;3,82E+09;1,60E+10;1,60E+10
5,67E+11;5,11E+10;7,40E+09;2,56E+11;0.000000000E0;3,82E+09;1,60E+10;1,60E+10
5,68E+11;5,11E+10;7,40E+09;2,56E+11;0.000000000E0;3,82E+09;1,60E+10;1,60E+10
5,69E+11;5,11E+10;7,40E+09;2,56E+11;0.000000000E0;3,82E+09;1,60E+10;1,60E+10
5,70E+11;5,11E+10;7,40E+09;2,56E+11;0.000000000E0;3,82E+09;1,60E+10;1,60E+10
5,71E+11;5,11E+10;7,40E+09;2,56E+11;0.000000000E0;3,82E+09;1,60E+10;1,60E+10
5,72E+11;5,11E+10;7,40E+09;2,56E+11;0.000000000E0;3,82E+09;1,60E+10;1,60E+10
5,73E+11;5,11E+10;7,40E+09;2,56E+11;0.000000000E0;3,82E+09;1,60E+10;1,60E+10
5,74E+11;5,11E+10;7,40E+09;2,56E+11;0.000000000E0;3,82E+09;1,60E+10;1,60E+10
5,75E+11;5,11E+10;7,40E+09;2,56E+11;0.000000000E0;3,82E+09;1,60E+10;1,60E+10
5,76E+11;5,11E+10;7,40E+09;2,56E+11;0.000000000E0;3,82E+09;1,60E+10;1,60E+10
5,77E+11;5,11E+10;7,40E+09;2,56E+11;0.000000000E0;3,82E+09;1,60E+10;1,60E+10
5,78E+11;5,11E+10;7,40E+09;2,56E+11;0.000000000E0;3,82E+09;1,60E+10;1,60E+10
5,79E+11;5,11E+10;7,40E+09;2,56E+11;0.000000000E0;3,82E+09;1,60E+10;1,60E+10
5,80E+11;5,11E+10;7,40E+09;2,56E+11;0.000000000E0;3,82E+09;1,60E+10;1,60E+10
5,81E+11;5,11E+10;7,40E+09;2,56E+11;0.000000000E0;3,82E+09;1,60E+10;1,60E+10
5,82E+11;5,11E+10;7,40E+09;2,56E+11;0.000000000E0;3,82E+09;1,60E+10;1,60E+10
5,83E+11;5,11E+10;7,40E+09;2,56E+11;0.000000000E0;3,82E+09;1,60E+10;1,60E+10
5,84E+11;5,11E+10;7,40E+09;2,56E+11;0.000000000E0;3,82E+09;1,60E+10;1,60E+10
5,85E+11;5,11E+10;7,40E+09;2,56E+11;0.000000000E0;3,82E+09;1,60E+10;1,60E+10
5,86E+11;5,11E+10;7,40E+09;2,56E+11;0.000000000E0;3,82E+09;1,60E+10;1,60E+10
5,87E+11;5,11E+10;7,40E+09;2,56E+11;0.000000000E0;3,82E+09;1,60E+10;1,60E+10
5,88E+11;5,11E+10;7,40E+09;2,56E+11;0.000000000E0;3,82E+09;1,60E+10;1,60E+10
5,89E+11;5,11E+10;7,40E+09;2,56E+11;0.000000000E0;3,82E+09;1,60E+10;1,60E+10
5,90E+11;5,11E+10;7,40E+09;2,56E+11;0.000000000E0;3,82E+09;1,60E+10;1,60E+10
5,91E+11;5,11E+10;7,40E+09;2,56E+11;0.000000000E0;3,82E+09;1,60E+10;1,60E+10
5,92E+11;5,11E+10;7,40E+09;2,56E+11;0.000000000E0;3,82E+09;1,60E+10;1,60E+10
5,93E+11;5,11E+10;7,40E+09;2,56E+11;0.000000000E0;3,82E+09;1,60E+10;1,60E+10
5,94E+11;5,11E+10;7,40E+09;2,56E+11;0.000000000E0;3,82E+09;1,60E+10;1,60E+10
5,95E+11;5,11E+10;7,40E+09;2,56E+11;0.000000000E0;3,82E+09;1,60E+10;1,60E+10
5,96E+11;5,11E+10;7,40E+09;2,56E+11;0.000000000E0;3,82E+09;1,60E+10;1,60E+10
5,97E+11;5,11E+10;7,40E+09;2,56E+11;0.000000000E0;3,82E+09;1,60E+10;1,60E+10
5,98E+11;5,11E+10;7,40E+09;2,56E+11;0.000000000E0;3,82E+09;1,60E+10;1,60E+10
5,99E+11;5,11E+10;7,40E+09;2,56E+11;0.000000000E0;3,82E+09;1,60E+10;1,60E+10
6,00E+11;5,11E+10;7,40E+09;2,56E+11;0.000000000E0;3,82E+09;1,60E+10;1,60E+10
6,01E+11;5,11E+10;7,40E+09;2,56E+11;0.000000000E0;3,82E+09;1,60E+10;1,60E+10
6,02E+11;5,11E+10;7,40E+09;2,56E+11;0.000000000E0;3,82E+09;1,60E+10;1,60E+10
6,03E+11;5,11E+10;7,40E+09;2,56E+11;0.000000000E0;3,82E+09;1,60E+10;1,60E+10
6,04E+11;5,11E+10;7,40E+09;2,56E+11;0.000000000E0;3,82E+09;1,60E+10;1,60E+10
6,05E+11;5,11E+10;7,40E+09;2,56E+11;0.000000000E0;3,82E+09;1,60E+10;1,60E+10
6,06E+11;5,11E+10;7,40E+09;2,56E+11;0.000000000E0;3,82E+09;1,60E+10;1,60E+10
6,07E+11;5,11E+10;7,40E+09;2,56E+11;0.000000000E0;3,82E+09;1,60E+10;1,60E+10
6,08E+11;5,11E+10;7,40E+09;2,56E+11;0.000000000E0;3,82E+09;1,60E+10;1,60E+10
6,09E+11;5,11E+10;7,40E+09;2,56E+11;0.000000000E0;3,82E+09;1,60E+10;1,60E+10
6,10E+11;5,11E+10;7,40E+09;2,56E+11;0.000000000E0;3,82E+09;1,60E+10;1,60E+10
6,11E+11;5,11E+10;7,40E+09;2,56E+11;0.000000000E0;3,82E+09;1,60E+10;1,60E+10
6,12E+11;5,11E+10;7,40E+09;2,56E+11;0.000000000E0;3,82E+09;1,60E+10;1,60E+10
6,13E+11;5,11E+10;7,40E+09;2,56E+11;0.000000000E0;3,82E+09;1,60E+10;1,60E+10
6,14E+11;5,11E+10;7,40E+09;2,56E+11;0.000000000E0;3,82E+09;1,60E+10;1,60E+10
6,15E+11;5,11E+10;7,40E+09;2,56E+11;0.000000000E0;3,82E+09;1,60E+10;1,60E+10
6,16E+11;5,11E+10;7,40E+09;2,56E+11;0.000000000E0;3,82E+09;1,60E+10;1,60E+10
6,17E+11;5,11E+10;7,40E+09;2,56E+11;0.000000000E0;3,82E+09;1,60E+10;1,60E+10
6,18E+11;5,11E+10;7,40E+09;2,56E+11;0.000000000E0;3,82E+09;3,20E+10;3,20E+10
6,19E+11;5,11E+10;7,40E+09;2,56E+11;0.000000000E0;3,82E+09;3,20E+10;3,20E+10
6,20E+11;5,11E+10;7,40E+09;2,88E+11;3,89E+06;-1,00E+09;3,20E+10;3,20E+10
6,21E+11;5,11E+10;7,40E+09;2,87E+11;4,78E+07;-1,00E+09;3,20E+10;3,20E+10
6,22E+11;5,11E+10;7,40E+09;2,87E+11;2,38E+07;-1,00E+09;3,20E+10;3,20E+10
6,23E+11;5,11E+10;7,40E+09;2,87E+11;6,12E+06;-1,00E+09;3,20E+10;3,20E+10
6,24E+11;5,11E+10;7,40E+09;2,87E+11;9,56E+07;-1,00E+09;3,20E+10;3,20E+10
