"Time (s)";"Latitude (°)";"Longitude (°)";"Height (m)";"Velocity (m/s)";"Direction (°)";"Horizontal Accuracy (m)";"Vertical Accuracy (m)"
0.000000000E0;5.095785970E1;6.976160800E0;4.646925798E1;0.000000000E0;0.000000000E0;4.997399902E1;2.000000000E0
1.937425169E1;5.095711912E1;6.976975501E0;4.326713749E1;1.500000000E0;2.751000061E2;7.000000000E0;1.000000000E2
2.039369492E1;5.095704855E1;6.976918001E0;4.326702864E1;3.279999971E0;2.448999939E2;7.000000000E0;1.000000000E2
2.137542923E1;5.095706259E1;6.976865362E0;4.226709463E1;2.929999828E0;2.301000061E2;7.000000000E0;1.000000000E2
2.238870996E1;5.095707214E1;6.976880198E0;4.526710449E1;2.779999971E0;2.278000031E2;6.500000000E0;1.000000000E2
2.339738646E1;5.095704457E1;6.976832338E0;4.526707952E1;2.859999895E0;2.286999969E2;5.000000000E0;1.000000000E2
2.438532130E1;5.095702994E1;6.976788417E0;4.426707911E1;2.869999886E0;2.361999969E2;4.500000000E0;1.000000000E2
2.537955380E1;5.095701938E1;6.976751788E0;4.226708221E1;2.609999895E0;2.388999939E2;4.500000000E0;1.000000000E2
2.639681150E1;5.095700517E1;6.976717003E0;4.226707635E1;2.769999981E0;2.326000061E2;4.000000000E0;1.000000000E2
2.740084934E1;5.095698120E1;6.976688337E0;4.226704570E1;2.769999981E0;2.270000000E2;4.000000000E0;1.000000000E2
2.837536176E1;5.095695773E1;6.976652211E0;4.126702126E1;3.000000000E0;2.231000061E2;4.000000000E0;1.000000000E2
2.938071688E1;5.095694160E1;6.976619940E0;4.026700960E1;2.879999876E0;2.266000061E2;3.500000000E0;1.000000000E2
3.038153357E1;5.095692978E1;6.976580210E0;3.926701220E1;2.849999905E0;2.383999939E2;3.500000000E0;1.000000000E2
3.138101541E1;5.095692156E1;6.976541989E0;3.826702134E1;2.899999857E0;2.430000000E2;3.500000000E0;1.000000000E2
3.238157003E1;5.095691159E1;6.976503851E0;3.826702671E1;2.950000048E0;2.408999939E2;3.500000000E0;1.000000000E2
3.339286380E1;5.095689964E1;6.976461019E0;3.726703119E1;3.069999933E0;2.415000000E2;3.500000000E0;1.000000000E2
3.438971649E1;5.095688757E1;6.976417601E0;3.626703580E1;3.139999866E0;2.455000000E2;3.500000000E0;1.000000000E2
3.538368841E1;5.095687664E1;6.976377452E0;3.526704054E1;2.939999819E0;2.418000031E2;3.500000000E0;1.000000000E2
3.639156426E1;5.095686909E1;6.976337554E0;3.526705225E1;2.929999828E0;2.428999939E2;3.500000000E0;1.000000000E2
3.739819922E1;5.095685346E1;6.976300506E0;3.526704495E1;3.289999962E0;2.331000061E2;3.500000000E0;1.000000000E2
3.840219472E1;5.095683821E1;6.976266056E0;3.526703665E1;2.990000010E0;2.336000061E2;3.500000000E0;1.000000000E2
3.938271891E1;5.095682153E1;6.976228422E0;3.526702755E1;3.240000010E0;2.343000031E2;3.500000000E0;1.000000000E2
4.039091722E1;5.095680585E1;6.976191457E0;3.526702010E1;3.189999819E0;2.341000061E2;3.500000000E0;1.000000000E2
4.139561079E1;5.095679051E1;6.976154661E0;3.526701325E1;3.049999952E0;2.356000061E2;3.000000000E0;1.000000000E2
4.238502394E1;5.095677320E1;6.976114176E0;3.626700479E1;3.329999924E0;2.345000000E2;3.000000000E0;1.000000000E2
4.338678491E1;5.095675569E1;6.976074446E0;3.626699537E1;3.250000000E0;2.353999939E2;3.000000000E0;1.000000000E2
4.439469594E1;5.095673875E1;6.976032620E0;3.726698864E1;3.079999924E0;2.393000031E2;3.000000000E0;1.000000000E2
4.539270314E1;5.095672383E1;6.975993058E0;3.726698458E1;3.349999905E0;2.366999969E2;3.000000000E0;1.000000000E2
4.638953656E1;5.095670606E1;6.975955591E0;3.826697306E1;3.279999971E0;2.333000031E2;3.000000000E0;1.000000000E2
4.739772817E1;5.095668985E1;6.975913346E0;3.826696812E1;3.230000019E0;2.338999939E2;3.000000000E0;1.000000000E2
4.839537013E1;5.095667405E1;6.975870850E0;3.926696423E1;3.189999819E0;2.335000000E2;3.000000000E0;1.000000000E2
4.938167636E1;5.095665858E1;6.975831622E0;3.926695879E1;3.169999838E0;2.386999969E2;3.000000000E0;1.000000000E2
5.040554325E1;5.095664395E1;6.975788791E0;3.926695760E1;3.259999990E0;2.376999969E2;3.000000000E0;1.000000000E2
5.138379336E1;5.095662929E1;6.975749899E0;3.926695360E1;3.079999924E0;2.371000061E2;3.000000000E0;1.000000000E2
5.239057759E1;5.095661340E1;6.975710755E0;3.926694721E1;3.199999809E0;2.383999939E2;3.000000000E0;1.000000000E2
5.339279090E1;5.095659794E1;6.975668008E0;3.926694420E1;3.299999952E0;2.363999939E2;3.000000000E0;1.000000000E2
7.716000000E1;5.095590240E1;6.974460300E0;0.000000000E0;0.000000000E0;0.000000000E0;8.000000000E2;0.000000000E0
8.437806492E1;5.095605622E1;6.974760415E0;4.726643047E1;2.569999933E0;2.683999939E2;1.350000000E1;1.000000000E2
8.537484234E1;5.095603983E1;6.974635776E0;4.526648211E1;2.339999914E0;2.243999939E2;1.100000000E1;1.000000000E2
8.638860272E1;5.095604054E1;6.974629490E0;4.526648796E1;2.369999886E0;2.285000000E2;9.000000000E0;1.000000000E2
8.738096453E1;5.095602390E1;6.974585904E0;4.526648303E1;2.339999914E0;2.311999969E2;7.000000000E0;1.000000000E2
8.839027822E1;5.095600546E1;6.974548772E0;4.426646984E1;2.329999924E0;2.283000031E2;6.000000000E0;1.000000000E2
8.940492714E1;5.095599511E1;6.974524129E0;4.526646507E1;2.440000057E0;2.266000061E2;5.500000000E0;1.000000000E2
9.038556380E1;5.095597583E1;6.974496804E0;4.426644333E1;2.509999990E0;2.301000061E2;5.500000000E0;1.000000000E2
9.139566406E1;5.095595718E1;6.974464450E0;4.426642640E1;2.049999952E0;2.261999969E2;5.000000000E0;1.000000000E2
9.239526060E1;5.095594478E1;6.974437879E0;4.526641863E1;2.109999895E0;2.151000061E2;5.000000000E0;1.000000000E2
9.340368337E1;5.095593028E1;6.974409465E0;4.626640772E1;2.519999981E0;2.198999939E2;4.000000000E0;1.000000000E2
9.438969229E1;5.095591536E1;6.974375602E0;4.626639968E1;2.539999962E0;2.261999969E2;4.500000000E0;1.000000000E2
9.539314129E1;5.095589788E1;6.974345008E0;4.526638401E1;2.519999981E0;2.305000000E2;4.500000000E0;1.000000000E2
9.638808475E1;5.095588036E1;6.974304859E0;4.526637484E1;2.669999838E0;2.323000031E2;4.500000000E0;1.000000000E2
9.740869256E1;5.095586716E1;6.974270493E0;4.426637078E1;2.619999886E0;2.358000031E2;4.000000000E0;1.000000000E2
9.840086075E1;5.095585543E1;6.974239396E0;4.426636755E1;2.299999952E0;2.336999969E2;4.500000000E0;1.000000000E2
9.938400806E1;5.095584097E1;6.974202432E0;4.426636263E1;2.470000029E0;2.336000061E2;4.500000000E0;1.000000000E2
1.003990627E2;5.095582907E1;6.974172341E0;4.426635834E1;2.529999971E0;2.358999939E2;4.000000000E0;1.000000000E2
1.014029195E2;5.095581431E1;6.974138310E0;4.426635078E1;2.509999990E0;2.358999939E2;4.000000000E0;1.000000000E2
1.023950893E2;5.095580195E1;6.974099837E0;4.426635132E1;2.460000038E0;2.358000031E2;4.500000000E0;1.000000000E2
1.034027314E2;5.095578707E1;6.974068657E0;4.426634152E1;2.049999952E0;2.328000031E2;4.500000000E0;1.000000000E2
1.044011874E2;5.095576817E1;6.974029429E0;4.426632880E1;1.959999919E0;2.321000061E2;4.500000000E0;1.000000000E2
1.053919930E2;5.095575539E1;6.974000679E0;4.526632173E1;2.710000038E0;2.303999939E2;4.500000000E0;1.000000000E2
1.063941171E2;5.095573963E1;6.973970588E0;4.526630932E1;2.279999971E0;2.288000031E2;4.500000000E0;1.000000000E2
1.074016004E2;5.095572597E1;6.973943766E0;4.626629906E1;2.500000000E0;2.266999969E2;5.000000000E0;1.000000000E2
1.083962484E2;5.095570962E1;6.973917950E0;4.626628246E1;2.419999838E0;2.225000000E2;5.000000000E0;1.000000000E2
1.094082744E2;5.095569420E1;6.973890038E0;4.626626925E1;2.299999952E0;2.208999939E2;4.500000000E0;1.000000000E2
1.104206584E2;5.095567522E1;6.973874196E0;4.626624019E1;2.509999990E0;2.085000000E2;4.500000000E0;1.000000000E2
1.113853965E2;5.095565083E1;6.973856008E0;4.726620135E1;2.440000057E0;2.093000031E2;4.500000000E0;1.000000000E2
1.123912378E2;5.095563004E1;6.973838322E0;4.726616977E1;2.869999886E0;2.151999969E2;4.500000000E0;1.000000000E2
1.133983272E2;5.095560745E1;6.973806638E0;4.626614406E1;2.750000000E0;2.278000031E2;4.500000000E0;1.000000000E2
1.143914934E2;5.095559404E1;6.973764393E0;4.626614499E1;2.839999914E0;2.345000000E2;4.500000000E0;1.000000000E2
1.154071165E2;5.095557618E1;6.973735560E0;4.526612729E1;2.879999876E0;2.275000000E2;4.500000000E0;1.000000000E2
1.164077950E2;5.095555971E1;6.973702200E0;4.526611563E1;2.740000010E0;2.218000031E2;4.500000000E0;1.000000000E2
1.174034450E2;5.095554379E1;6.973665403E0;4.626610749E1;2.779999971E0;2.176000061E2;4.500000000E0;1.000000000E2
1.183931625E2;5.095552526E1;6.973642940E0;4.626608398E1;2.789999962E0;2.141000061E2;4.500000000E0;1.000000000E2
1.193913044E2;5.095550946E1;6.973614609E0;4.526607025E1;2.429999828E0;2.155000000E2;4.500000000E0;1.000000000E2
1.204087609E2;5.095549413E1;6.973583344E0;4.426605953E1;2.700000048E0;2.226999969E2;4.500000000E0;1.000000000E2
1.213988438E2;5.095547833E1;6.973550236E0;4.426604911E1;2.619999886E0;2.251999969E2;4.500000000E0;1.000000000E2
1.224084189E2;5.095546470E1;6.973515451E0;4.326604444E1;2.579999924E0;2.263000031E2;4.500000000E0;1.000000000E2
1.233922979E2;5.095544823E1;6.973488042E0;4.326602867E1;2.509999990E0;2.246000061E2;4.500000000E0;1.000000000E2
1.244070873E2;5.095543202E1;6.973462896E0;4.226601186E1;2.250000000E0;2.241999969E2;4.500000000E0;1.000000000E2
1.253987432E2;5.095541869E1;6.973444037E0;4.326599680E1;2.409999847E0;2.190000000E2;4.500000000E0;1.000000000E2
1.263946761E2;5.095540603E1;6.973417383E0;4.226598854E1;2.240000010E0;2.235000000E2;4.000000000E0;1.000000000E2
1.273958760E2;5.095539229E1;6.973390393E0;4.226597822E1;2.349999905E0;2.305000000E2;4.000000000E0;1.000000000E2
1.283905103E2;5.095537766E1;6.973356111E0;4.226597108E1;2.730000019E0;2.343000031E2;4.000000000E0;1.000000000E2
1.293889630E2;5.095536245E1;6.973327529E0;4.226595876E1;2.690000057E0;2.333999939E2;4.000000000E0;1.000000000E2
1.304026343E2;5.095534891E1;6.973305233E0;4.226594563E1;2.529999971E0;2.321999969E2;4.000000000E0;1.000000000E2
1.313947348E2;5.095533252E1;6.973280674E0;4.126592806E1;2.579999924E0;2.291999969E2;4.000000000E0;1.000000000E2
1.323907876E2;5.095531655E1;6.973252762E0;4.126591369E1;2.429999828E0;2.241000061E2;4.000000000E0;1.000000000E2
1.333946456E2;5.095529728E1;6.973225689E0;4.226589176E1;2.789999962E0;2.211000061E2;4.000000000E0;1.000000000E2
1.344142590E2;5.095527988E1;6.973192245E0;4.226587821E1;2.879999876E0;2.268999939E2;3.500000000E0;1.000000000E2
1.353826014E2;5.095526312E1;6.973164501E0;4.226586204E1;2.559999943E0;2.258000031E2;3.500000000E0;1.000000000E2
1.364096253E2;5.095524317E1;6.973135751E0;4.226583986E1;2.700000048E0;2.233000031E2;3.500000000E0;1.000000000E2
1.374024358E2;5.095522477E1;6.973105911E0;4.226582169E1;2.849999905E0;2.228999939E2;3.500000000E0;1.000000000E2
1.384385296E2;5.095520772E1;6.973076239E0;4.226580624E1;2.399999857E0;2.276999969E2;3.500000000E0;1.000000000E2
1.393994073E2;5.095519095E1;6.973047070E0;4.226579105E1;2.939999819E0;2.226000061E2;3.500000000E0;1.000000000E2
1.403961905E2;5.095517310E1;6.973019158E0;4.226577270E1;2.720000029E0;2.236000061E2;3.500000000E0;1.000000000E2
1.413915145E2;5.095515545E1;6.972993426E0;4.226575329E1;2.750000000E0;2.225000000E2;3.500000000E0;1.000000000E2
1.424085148E2;5.095513567E1;6.972966185E0;4.326573041E1;2.589999914E0;2.230000000E2;3.000000000E0;1.000000000E2
1.434062364E2;5.095511744E1;6.972937770E0;4.326571161E1;2.529999971E0;2.211999969E2;3.000000000E0;1.000000000E2
1.443875263E2;5.095509833E1;6.972915391E0;4.326568679E1;2.609999895E0;2.191999969E2;3.500000000E0;1.000000000E2
1.453993833E2;5.095508086E1;6.972888652E0;4.226566842E1;2.549999952E0;2.191000061E2;3.500000000E0;1.000000000E2
1.463976622E2;5.095506388E1;6.972863674E0;4.226564990E1;2.529999971E0;2.215000000E2;3.500000000E0;1.000000000E2
1.474051940E2;5.095504645E1;6.972836014E0;4.226563225E1;2.519999981E0;2.233999939E2;3.500000000E0;1.000000000E2
1.483917328E2;5.095502859E1;6.972809862E0;4.226561268E1;2.519999981E0;2.258000031E2;3.500000000E0;1.000000000E2
1.493971671E2;5.095501049E1;6.972781615E0;4.226559403E1;2.569999933E0;2.256999969E2;3.500000000E0;1.000000000E2
1.504053802E2;5.095499385E1;6.972754290E0;4.226557783E1;2.690000057E0;2.246999969E2;3.500000000E0;1.000000000E2
1.513955066E2;5.095497818E1;6.972722774E0;4.226556656E1;2.659999847E0;2.228000031E2;3.500000000E0;1.000000000E2
1.524284502E2;5.095495961E1;6.972696036E0;4.226554589E1;2.700000048E0;2.220000000E2;3.500000000E0;1.000000000E2
1.534163053E2;5.095494008E1;6.972668124E0;4.226552400E1;2.819999933E0;2.205000000E2;3.500000000E0;1.000000000E2
1.544075859E2;5.095492198E1;6.972642308E0;4.126550366E1;2.769999981E0;2.215000000E2;3.500000000E0;1.000000000E2
1.553910575E2;5.095490370E1;6.972617162E0;4.126548251E1;2.769999981E0;2.221000061E2;3.000000000E0;1.000000000E2
1.564292577E2;5.095488602E1;6.972590927E0;4.126546335E1;2.609999895E0;2.225000000E2;3.000000000E0;1.000000000E2
1.573777150E2;5.095486804E1;6.972566284E0;4.226544247E1;2.629999876E0;2.220000000E2;3.500000000E0;1.000000000E2
1.583887948E2;5.095485107E1;6.972542815E0;4.226542290E1;2.639999866E0;2.206999969E2;3.000000000E0;1.000000000E2
1.594049892E2;5.095483384E1;6.972515825E0;4.226540522E1;2.679999828E0;2.211999969E2;3.000000000E0;1.000000000E2
1.603898674E2;5.095481628E1;6.972490512E0;4.226538569E1;2.659999847E0;2.218999939E2;3.000000000E0;1.000000000E2
1.614208281E2;5.095480069E1;6.972462097E0;4.226537245E1;2.679999828E0;2.206000061E2;3.000000000E0;1.000000000E2
1.623960382E2;5.095478506E1;6.972440807E0;4.226535419E1;2.480000019E0;2.221999969E2;3.000000000E0;1.000000000E2
1.634269247E2;5.095477068E1;6.972412225E0;4.226534363E1;2.529999971E0;2.246000061E2;3.000000000E0;1.000000000E2
1.644046018E2;5.095475317E1;6.972385822E0;4.226532493E1;2.539999962E0;2.258999939E2;3.000000000E0;1.000000000E2
1.653925662E2;5.095473711E1;6.972357659E0;4.226531054E1;2.619999886E0;2.261000061E2;3.500000000E0;1.000000000E2
1.663843127E2;5.095471997E1;6.972330501E0;4.226529316E1;2.589999914E0;2.241000061E2;3.500000000E0;1.000000000E2
1.674141209E2;5.095470191E1;6.972307703E0;4.226527082E1;2.519999981E0;2.238999939E2;3.500000000E0;1.000000000E2
1.684142700E2;5.095468569E1;6.972278869E0;4.226525654E1;2.529999971E0;2.225000000E2;3.500000000E0;1.000000000E2
1.693977605E2;5.095466880E1;6.972251041E0;4.226524015E1;2.579999924E0;2.228999939E2;3.500000000E0;1.000000000E2
1.703890324E2;5.095464944E1;6.972222710E0;4.226521890E1;2.629999876E0;2.240000000E2;3.000000000E0;1.000000000E2
1.713898538E2;5.095462932E1;6.972197564E0;4.226519385E1;2.659999847E0;2.243999939E2;3.000000000E0;1.000000000E2
1.724058157E2;5.095461038E1;6.972166887E0;4.126517510E1;2.700000048E0;2.271999969E2;3.000000000E0;1.000000000E2
1.733977332E2;5.095459244E1;6.972136125E0;4.126515852E1;2.740000010E0;2.273000031E2;3.000000000E0;1.000000000E2
1.743917448E2;5.095457568E1;6.972106872E0;4.226514338E1;2.769999981E0;2.271999969E2;3.000000000E0;1.000000000E2
1.754014504E2;5.095455808E1;6.972076027E0;4.126512757E1;2.859999895E0;2.263000031E2;3.500000000E0;1.000000000E2
1.763900832E2;5.095453708E1;6.972044678E0;4.126510494E1;2.849999905E0;2.236999969E2;3.500000000E0;1.000000000E2
1.774044712E2;5.095451772E1;6.972015258E0;4.126508444E1;2.829999924E0;2.228999939E2;3.500000000E0;1.000000000E2
1.783835030E2;5.095449836E1;6.971989442E0;4.126506144E1;2.869999886E0;2.233000031E2;3.500000000E0;1.000000000E2
1.793953568E2;5.095447761E1;6.971963961E0;4.226503529E1;2.879999876E0;2.223999939E2;3.500000000E0;1.000000000E2
1.803896525E2;5.095445930E1;6.971935211E0;4.126501653E1;2.899999857E0;2.231999969E2;3.500000000E0;1.000000000E2
1.814212860E2;5.095443901E1;6.971907886E0;4.126499263E1;2.929999828E0;2.236000061E2;3.500000000E0;1.000000000E2
1.823897613E2;5.095441734E1;6.971881399E0;4.126496523E1;2.799999952E0;2.225000000E2;3.500000000E0;1.000000000E2
1.834001291E2;5.095439890E1;6.971853152E0;4.126494585E1;2.750000000E0;2.231999969E2;3.500000000E0;1.000000000E2
1.843828370E2;5.095438067E1;6.971828174E0;4.126492466E1;2.859999895E0;2.211999969E2;3.500000000E0;1.000000000E2
1.853950566E2;5.095436236E1;6.971800765E0;4.126490497E1;2.839999914E0;2.208000031E2;3.500000000E0;1.000000000E2
1.864190369E2;5.095434476E1;6.971776625E0;4.126488452E1;2.799999952E0;2.231000061E2;3.500000000E0;1.000000000E2
1.873852867E2;5.095432753E1;6.971746702E0;4.026486886E1;2.750000000E0;2.228999939E2;3.500000000E0;1.000000000E2
1.883851214E2;5.095430968E1;6.971716778E0;4.026485188E1;2.599999905E0;2.238999939E2;3.500000000E0;1.000000000E2
1.893937179E2;5.095429350E1;6.971689286E0;4.026483675E1;2.609999895E0;2.251000061E2;3.500000000E0;1.000000000E2
1.904009582E2;5.095427318E1;6.971663972E0;3.926481136E1;2.720000029E0;2.206999969E2;3.000000000E0;1.000000000E2
1.913890187E2;5.095425415E1;6.971639581E0;3.926478808E1;2.799999952E0;2.191000061E2;3.500000000E0;1.000000000E2
1.923952276E2;5.095423550E1;6.971614268E0;3.926476623E1;2.849999905E0;2.191999969E2;3.000000000E0;1.000000000E2
1.933877131E2;5.095421656E1;6.971587529E0;3.926474475E1;2.829999924E0;2.206000061E2;3.000000000E0;1.000000000E2
1.943918953E2;5.095419795E1;6.971561881E0;3.926472322E1;3.000000000E0;2.225000000E2;3.500000000E0;1.000000000E2
1.953880263E2;5.095417880E1;6.971532796E0;3.926470291E1;2.919999838E0;2.218000031E2;3.500000000E0;1.000000000E2
1.963983627E2;5.095415776E1;6.971504046E0;3.926467839E1;2.990000010E0;2.206000061E2;3.500000000E0;1.000000000E2
1.973844065E2;5.095413601E1;6.971479068E0;4.026464977E1;3.169999838E0;2.213999939E2;3.500000000E0;1.000000000E2
1.983966321E2;5.095411463E1;6.971449479E0;4.026462512E1;3.210000038E0;2.238999939E2;3.000000000E0;1.000000000E2
1.993826805E2;5.095409309E1;6.971415533E0;4.026460313E1;3.389999866E0;2.226999969E2;3.500000000E0;1.000000000E2
2.003933816E2;5.095407084E1;6.971380496E0;4.026458039E1;3.519999981E0;2.210000000E2;3.500000000E0;1.000000000E2
2.014040861E2;5.095404661E1;6.971348645E0;4.026455129E1;3.629999876E0;2.226999969E2;3.500000000E0;1.000000000E2
2.024119838E2;5.095402277E1;6.971307741E0;4.026452924E1;4.159999847E0;2.228999939E2;3.500000000E0;1.000000000E2
2.033943713E2;5.095398748E1;6.971259126E0;4.026448838E1;4.549999714E0;2.213000031E2;3.500000000E0;1.000000000E2
2.044077066E2;5.095394741E1;6.971219061E0;4.026443155E1;4.579999924E0;2.193000031E2;3.000000000E0;1.000000000E2
2.054177527E2;5.095390990E1;6.971178493E0;4.126438045E1;4.480000019E0;2.173999939E2;3.000000000E0;1.000000000E2
2.063908888E2;5.095387378E1;6.971138343E0;4.126433197E1;4.500000000E0;2.171999969E2;3.000000000E0;1.000000000E2
2.073953134E2;5.095383883E1;6.971095176E0;4.126428806E1;4.420000076E0;2.186000061E2;2.500000000E0;1.000000000E2
2.083888925E2;5.095380802E1;6.971051758E0;4.126425306E1;4.349999905E0;2.206000061E2;2.500000000E0;1.000000000E2
2.093831552E2;5.095378003E1;6.971010938E0;4.026422219E1;4.380000114E0;2.216999969E2;2.500000000E0;1.000000000E2
2.104056378E2;5.095375019E1;6.970967771E0;4.026418905E1;4.190000057E0;2.201999969E2;2.500000000E0;1.000000000E2
2.113862757E2;5.095371746E1;6.970932316E0;4.026414449E1;4.069999695E0;2.178999939E2;2.500000000E0;1.000000000E2
2.123896909E2;5.095368891E1;6.970895939E0;4.126410940E1;3.970000029E0;2.195000000E2;2.500000000E0;1.000000000E2
2.133862690E2;5.095366071E1;6.970855538E0;4.126407780E1;4.309999943E0;2.210000000E2;2.500000000E0;1.000000000E2
2.144105009E2;5.095363003E1;6.970810276E0;4.126404433E1;4.859999657E0;2.196999969E2;3.000000000E0;1.000000000E2
2.153975619E2;5.095359776E1;6.970766690E0;4.126400635E1;4.619999886E0;2.186000061E2;2.500000000E0;1.000000000E2
2.163991095E2;5.095356285E1;6.970722349E0;4.126396331E1;4.650000095E0;2.173000031E2;2.500000000E0;1.000000000E2
2.173846544E2;5.095352559E1;6.970678847E0;4.126391475E1;4.670000076E0;2.185000000E2;2.500000000E0;1.000000000E2
2.183954732E2;5.095349370E1;6.970637776E0;4.126387582E1;4.719999790E0;2.181999969E2;2.500000000E0;1.000000000E2
2.193835713E2;5.095346005E1;6.970594022E0;4.026383503E1;4.779999733E0;2.171999969E2;2.500000000E0;1.000000000E2
2.203900567E2;5.095342753E1;6.970553286E0;4.026379455E1;4.900000095E0;2.163999939E2;2.500000000E0;1.000000000E2
2.213810062E2;5.095339207E1;6.970511209E0;4.026374879E1;4.969999790E0;2.173000031E2;2.000000000E0;1.000000000E2
2.223831872E2;5.095335657E1;6.970463851E0;4.026370660E1;4.880000114E0;2.176000061E2;2.000000000E0;1.000000000E2
2.233903113E2;5.095332070E1;6.970423032E0;4.026365909E1;4.929999828E0;2.156999969E2;2.000000000E0;1.000000000E2
2.243895297E2;5.095328566E1;6.970376261E0;4.026361746E1;4.839999676E0;2.186000061E2;2.000000000E0;1.000000000E2
2.253984493E2;5.095325410E1;6.970329322E0;4.026358327E1;4.759999752E0;2.230000000E2;2.000000000E0;1.000000000E2
2.264001439E2;5.095321991E1;6.970284814E0;4.126354184E1;5.079999924E0;2.196999969E2;2.500000000E0;1.000000000E2
2.273975303E2;5.095318319E1;6.970236450E0;4.126349777E1;5.420000076E0;2.188000031E2;2.500000000E0;1.000000000E2
2.284148651E2;5.095314719E1;6.970189596E0;4.126345415E1;5.190000057E0;2.166000061E2;2.500000000E0;1.000000000E2
2.294044077E2;5.095311086E1;6.970137376E0;4.126341353E1;5.549999714E0;2.206000061E2;2.500000000E0;1.000000000E2
2.303848064E2;5.095306861E1;6.970082475E0;4.026336229E1;6.009999752E0;2.198000031E2;2.500000000E0;1.000000000E2
2.314012959E2;5.095302570E1;6.970026819E0;4.026331015E1;5.920000076E0;2.183999939E2;3.000000000E0;1.000000000E2
2.323981818E2;5.095298442E1;6.969975354E0;4.126325856E1;6.069999695E0;2.168999939E2;3.000000000E0;1.000000000E2
2.333857507E2;5.095293941E1;6.969929338E0;4.126319535E1;5.839999676E0;2.143999939E2;3.000000000E0;1.000000000E2
2.343854902E2;5.095289838E1;6.969883908E0;4.126314013E1;5.679999828E0;2.155000000E2;3.000000000E0;1.000000000E2
2.354055423E2;5.095285932E1;6.969836969E0;4.126309011E1;5.750000000E0;2.168999939E2;3.000000000E0;1.000000000E2
2.363973358E2;5.095281552E1;6.969788019E0;4.126303148E1;5.739999771E0;2.176999969E2;3.000000000E0;1.000000000E2
2.373873238E2;5.095277596E1;6.969738314E0;4.126298230E1;5.629999638E0;2.171999969E2;2.500000000E0;1.000000000E2
2.383998174E2;5.095274163E1;6.969694979E0;4.126293977E1;4.389999866E0;2.170000000E2;2.500000000E0;1.000000000E2
2.394086277E2;5.095271561E1;6.969656758E0;4.226291122E1;4.190000057E0;2.171999969E2;2.500000000E0;1.000000000E2
2.403991662E2;5.095268895E1;6.969621051E0;4.226287961E1;4.039999962E0;2.168000031E2;2.500000000E0;1.000000000E2
2.414209881E2;5.095266800E1;6.969590373E0;4.226285656E1;3.359999895E0;2.138000031E2;2.500000000E0;1.000000000E2
2.423877938E2;5.095264357E1;6.969567407E0;4.226282085E1;3.319999933E0;2.111000061E2;2.500000000E0;1.000000000E2
2.433866308E2;5.095261888E1;6.969543351E0;4.126278536E1;3.240000010E0;2.088999939E2;2.500000000E0;1.000000000E2
2.443946614E2;5.095259537E1;6.969519379E0;4.126275229E1;3.269999981E0;2.103999939E2;2.500000000E0;1.000000000E2
2.454004830E2;5.095257173E1;6.969491383E0;4.126272172E1;3.569999933E0;2.136999969E2;3.000000000E0;1.000000000E2
2.463792683E2;5.095254776E1;6.969466992E0;4.126268797E1;3.349999905E0;2.136999969E2;3.000000000E0;1.000000000E2
2.474014591E2;5.095252458E1;6.969440589E0;4.126265728E1;3.349999905E0;2.136000061E2;3.000000000E0;1.000000000E2
2.483968736E2;5.095250124E1;6.969413180E0;4.126262693E1;3.349999905E0;2.123999939E2;3.000000000E0;1.000000000E2
2.493887275E2;5.095247966E1;6.969385184E0;4.126260069E1;3.539999962E0;2.166999969E2;3.000000000E0;1.000000000E2
2.503814553E2;5.095245711E1;6.969358781E0;4.126257132E1;3.289999962E0;2.163999939E2;3.000000000E0;1.000000000E2
2.514005086E2;5.095243637E1;6.969334139E0;4.126254455E1;2.919999838E0;2.133000031E2;3.000000000E0;1.000000000E2
2.524002204E2;5.095241684E1;6.969310669E0;4.126251952E1;2.899999857E0;2.148999939E2;3.000000000E0;1.000000000E2
2.533930440E2;5.095239718E1;6.969286026E0;4.126249504E1;3.049999952E0;2.141000061E2;3.000000000E0;1.000000000E2
2.543919350E2;5.095237819E1;6.969260210E0;4.126247279E1;2.849999905E0;2.158999939E2;3.000000000E0;1.000000000E2
2.554030826E2;5.095235988E1;6.969236573E0;4.026245044E1;2.769999981E0;2.193000031E2;3.000000000E0;1.000000000E2
2.563951578E2;5.095234320E1;6.969214948E0;4.026243016E1;2.609999895E0;2.170000000E2;3.000000000E0;1.000000000E2
2.573924008E2;5.095232463E1;6.969191814E0;4.026240693E1;2.809999943E0;2.146999969E2;3.000000000E0;1.000000000E2
2.583893827E2;5.095230439E1;6.969161220E0;4.026238531E1;3.069999933E0;2.185000000E2;3.000000000E0;1.000000000E2
2.594037326E2;5.095228231E1;6.969133224E0;4.026235801E1;3.009999990E0;2.173999939E2;3.500000000E0;1.000000000E2
2.603919432E2;5.095226089E1;6.969113275E0;4.026232658E1;3.069999933E0;2.146999969E2;3.500000000E0;1.000000000E2
2.613825980E2;5.095223973E1;6.969093326E0;4.026229568E1;3.149999857E0;2.158999939E2;3.500000000E0;1.000000000E2
2.623991769E2;5.095221756E1;6.969070025E0;4.026226496E1;2.960000038E0;2.166000061E2;3.000000000E0;1.000000000E2
2.633922378E2;5.095219786E1;6.969048064E0;4.026223854E1;2.869999886E0;2.148000031E2;3.000000000E0;1.000000000E2
2.643935669E2;5.095217598E1;6.969025517E0;4.026220792E1;3.049999952E0;2.143999939E2;3.500000000E0;1.000000000E2
2.653947967E2;5.095215423E1;6.969004730E0;4.026217636E1;3.019999981E0;2.140000000E2;3.000000000E0;1.000000000E2
2.663972227E2;5.095213411E1;6.968984026E0;4.026214818E1;2.970000029E0;2.123999939E2;3.500000000E0;1.000000000E2
2.673993854E2;5.095211354E1;6.968960054E0;4.126212129E1;2.869999886E0;2.131000061E2;3.500000000E0;1.000000000E2
2.683987771E2;5.095209476E1;6.968938597E0;4.126209646E1;2.899999857E0;2.143999939E2;3.000000000E0;1.000000000E2
2.694152816E2;5.095207381E1;6.968916468E0;4.126206750E1;3.049999952E0;2.135000000E2;3.000000000E0;1.000000000E2
2.703931147E2;5.095205168E1;6.968892245E0;4.126203750E1;3.019999981E0;2.131999969E2;3.000000000E0;1.000000000E2
2.714141214E2;5.095203127E1;6.968868691E0;4.026201067E1;3.009999990E0;2.113000031E2;3.500000000E0;1.000000000E2
2.723944667E2;5.095201098E1;6.968844887E0;4.026198428E1;2.769999981E0;2.130000000E2;3.000000000E0;1.000000000E2
2.733878889E2;5.095199208E1;6.968822675E0;4.026195970E1;2.710000038E0;2.141999969E2;3.500000000E0;1.000000000E2
2.743920074E2;5.095197251E1;6.968800128E0;4.026193395E1;2.779999971E0;2.093999939E2;3.500000000E0;1.000000000E2
2.753894659E2;5.095195378E1;6.968780179E0;4.126190816E1;2.639999866E0;2.138000031E2;3.500000000E0;1.000000000E2
2.764119864E2;5.095193446E1;6.968759308E0;4.126188178E1;2.649999857E0;2.116999969E2;3.500000000E0;1.000000000E2
2.774016253E2;5.095191665E1;6.968736341E0;4.126186002E1;2.589999914E0;2.146000061E2;3.500000000E0;1.000000000E2
2.784047322E2;5.095190156E1;6.968709100E0;4.126184696E1;2.460000038E0;2.161000061E2;3.500000000E0;1.000000000E2
2.793903594E2;5.095188689E1;6.968682948E0;4.126183403E1;2.519999981E0;2.198999939E2;3.500000000E0;1.000000000E2
2.803869320E2;5.095187247E1;6.968658809E0;4.126182025E1;2.549999952E0;2.240000000E2;3.500000000E0;1.000000000E2
2.813843869E2;5.095185424E1;6.968633411E0;4.026179928E1;2.619999886E0;2.215000000E2;3.500000000E0;1.000000000E2
2.823884887E2;5.095183614E1;6.968607930E0;4.026177864E1;2.649999857E0;2.178000031E2;3.500000000E0;1.000000000E2
2.834158710E2;5.095181937E1;6.968579683E0;4.026176273E1;2.509999990E0;2.146999969E2;3.500000000E0;1.000000000E2
2.844060588E2;5.095180320E1;6.968556214E0;4.026174476E1;2.659999847E0;2.151000061E2;3.500000000E0;1.000000000E2
2.853853549E2;5.095178589E1;6.968532493E0;4.026172458E1;2.659999847E0;2.163000031E2;3.500000000E0;1.000000000E2
2.864025351E2;5.095176757E1;6.968510700E0;4.026170095E1;2.720000029E0;2.161999969E2;3.500000000E0;1.000000000E2
2.874009497E2;5.095174951E1;6.968488656E0;4.026167803E1;2.450000048E0;2.161000061E2;3.500000000E0;1.000000000E2
2.883847405E2;5.095172960E1;6.968468707E0;4.026164977E1;2.579999924E0;2.090000000E2;3.500000000E0;1.000000000E2
2.893955749E2;5.095170978E1;6.968445908E0;4.026162364E1;2.750000000E0;2.111999969E2;3.500000000E0;1.000000000E2
2.903814610E2;5.095168845E1;6.968421852E0;4.026159520E1;2.710000038E0;2.101999969E2;3.500000000E0;1.000000000E2
2.914054646E2;5.095166628E1;6.968399975E0;3.926156349E1;2.819999933E0;2.111999969E2;3.500000000E0;1.000000000E2
2.924089605E2;5.095164407E1;6.968377596E0;3.926153204E1;2.909999847E0;2.103999939E2;3.500000000E0;1.000000000E2
2.933872300E2;5.095162206E1;6.968357647E0;3.926149935E1;2.679999828E0;2.096999969E2;3.500000000E0;1.000000000E2
2.943861656E2;5.095160232E1;6.968337866E0;3.926147133E1;2.500000000E0;2.088000031E2;3.500000000E0;1.000000000E2
2.953970568E2;5.095158208E1;6.968319425E0;3.826144131E1;2.649999857E0;2.111000061E2;3.500000000E0;1.000000000E2
2.963877524E2;5.095156243E1;6.968300818E0;3.826141265E1;2.629999876E0;2.103999939E2;3.500000000E0;1.000000000E2
2.973736679E2;5.095154114E1;6.968277851E0;3.926138355E1;2.629999876E0;2.083000031E2;3.000000000E0;1.000000000E2
2.983942070E2;5.095152182E1;6.968258154E0;3.926135635E1;2.429999828E0;2.083999939E2;3.000000000E0;1.000000000E2
2.993986038E2;5.095150187E1;6.968237869E0;3.926132822E1;2.509999990E0;2.071000061E2;3.500000000E0;1.000000000E2
3.003806268E2;5.095148200E1;6.968219429E0;3.926129900E1;2.529999971E0;2.106999969E2;3.500000000E0;1.000000000E2
3.014093309E2;5.095146050E1;6.968201576E0;3.926126593E1;2.889999866E0;2.133000031E2;3.500000000E0;1.000000000E2
3.023837920E2;5.095143879E1;6.968176598E0;3.926123732E1;2.649999857E0;2.118999939E2;3.500000000E0;1.000000000E2
3.033841152E2;5.095141801E1;6.968155140E0;3.926120824E1;2.700000048E0;2.128999939E2;3.000000000E0;1.000000000E2
3.043965638E2;5.095139768E1;6.968132593E0;3.926118087E1;2.740000010E0;2.121000061E2;3.000000000E0;1.000000000E2
3.053888009E2;5.095137622E1;6.968110800E0;3.926115060E1;2.710000038E0;2.106000061E2;3.000000000E0;1.000000000E2
3.063916124E2;5.095135409E1;6.968094455E0;3.926111516E1;2.759999990E0;2.133000031E2;3.000000000E0;1.000000000E2
3.073949277E2;5.095133322E1;6.968071070E0;4.026108722E1;2.710000038E0;2.146000061E2;3.000000000E0;1.000000000E2
3.084048267E2;5.095131168E1;6.968046427E0;3.926105874E1;2.740000010E0;2.151000061E2;3.000000000E0;1.000000000E2
3.093851279E2;5.095129215E1;6.968023879E0;3.926103305E1;2.710000038E0;2.151000061E2;3.000000000E0;1.000000000E2
3.104262650E2;5.095127178E1;6.968002925E0;4.026100450E1;2.579999924E0;2.148000031E2;3.000000000E0;1.000000000E2
3.113999863E2;5.095125070E1;6.967978701E0;4.026097670E1;2.539999962E0;2.141000061E2;3.500000000E0;1.000000000E2
3.123879267E2;5.095123214E1;6.967957662E0;4.026095200E1;2.579999924E0;2.141999969E2;3.000000000E0;1.000000000E2
3.133832366E2;5.095121047E1;6.967939306E0;4.026091892E1;2.559999943E0;2.140000000E2;3.000000000E0;1.000000000E2
3.143942192E2;5.095119190E1;6.967917429E0;4.026089480E1;2.609999895E0;2.123999939E2;3.000000000E0;1.000000000E2
3.153983685E2;5.095117237E1;6.967895133E0;4.026086894E1;2.519999981E0;2.116999969E2;3.000000000E0;1.000000000E2
3.164013440E2;5.095115448E1;6.967877448E0;4.126084335E1;2.579999924E0;2.096000061E2;3.000000000E0;1.000000000E2
3.174071410E2;5.095113440E1;6.967857331E0;4.126081484E1;2.700000048E0;2.078000031E2;3.000000000E0;1.000000000E2
3.184132037E2;5.095111169E1;6.967837801E0;4.126078035E1;2.720000029E0;2.093000031E2;3.000000000E0;1.000000000E2
3.194080923E2;5.095109015E1;6.967815254E0;4.026075042E1;2.740000010E0;2.116999969E2;3.000000000E0;1.000000000E2
3.203950716E2;5.095106949E1;6.967793964E0;4.126072147E1;2.710000038E0;2.111999969E2;3.000000000E0;1.000000000E2
3.213996411E2;5.095104991E1;6.967774602E0;4.026069350E1;2.669999838E0;2.110000000E2;3.000000000E0;1.000000000E2
3.223988036E2;5.095102942E1;6.967755239E0;4.026066358E1;2.700000048E0;2.093999939E2;3.000000000E0;1.000000000E2
3.233910448E2;5.095100905E1;6.967733027E0;4.026063589E1;2.710000038E0;2.085000000E2;3.000000000E0;1.000000000E2
3.244055900E2;5.095098806E1;6.967714671E0;4.026060421E1;2.730000019E0;2.083000031E2;3.000000000E0;1.000000000E2
3.253930488E2;5.095096874E1;6.967692710E0;4.026057856E1;2.679999828E0;2.125000000E2;3.000000000E0;1.000000000E2
3.263934991E2;5.095094824E1;6.967669493E0;4.026055129E1;2.740000010E0;2.115000000E2;3.000000000E0;1.000000000E2
3.274071565E2;5.095092637E1;6.967646359E0;4.026052105E1;2.909999847E0;2.091999969E2;3.000000000E0;1.000000000E2
3.284024694E2;5.095090478E1;6.967622722E0;4.126049177E1;2.849999905E0;2.098000031E2;3.000000000E0;1.000000000E2
3.293789332E2;5.095087909E1;6.967602102E0;4.126045175E1;2.859999895E0;2.096000061E2;3.000000000E0;1.000000000E2
3.303998484E2;5.095085612E1;6.967579974E0;4.126041851E1;2.819999933E0;2.098000031E2;3.000000000E0;1.000000000E2
3.313882332E2;5.095083295E1;6.967561534E0;4.026038229E1;2.879999876E0;2.078000031E2;3.000000000E0;1.000000000E2
3.324016283E2;5.095080961E1;6.967538400E0;4.026034895E1;2.710000038E0;2.076000061E2;3.000000000E0;1.000000000E2
3.333908886E2;5.095078622E1;6.967518199E0;4.026031350E1;2.690000057E0;2.086999969E2;3.500000000E0;1.000000000E2
3.344157332E2;5.095076418E1;6.967501435E0;4.026027851E1;2.619999886E0;2.125000000E2;3.000000000E0;1.000000000E2
3.353941304E2;5.095074460E1;6.967482325E0;4.026025036E1;2.579999924E0;2.116000061E2;3.000000000E0;1.000000000E2
3.364023470E2;5.095072352E1;6.967462040E0;4.026021983E1;2.629999876E0;2.098999939E2;3.500000000E0;1.000000000E2
3.373845059E2;5.095070429E1;6.967441924E0;4.026019308E1;2.579999924E0;2.095000000E2;3.500000000E0;1.000000000E2
3.384017493E2;5.095068459E1;6.967420466E0;4.026016627E1;2.359999895E0;2.126000061E2;3.500000000E0;1.000000000E2
3.394071049E2;5.095066602E1;6.967401104E0;4.026014042E1;2.549999952E0;2.101999969E2;3.500000000E0;1.000000000E2
3.404015951E2;5.095064125E1;6.967383251E0;4.026010043E1;2.609999895E0;2.076000061E2;3.000000000E0;1.000000000E2
3.413825737E2;5.095062026E1;6.967362883E0;4.026007013E1;2.460000038E0;2.093000031E2;3.000000000E0;1.000000000E2
3.424006543E2;5.095060240E1;6.967341257E0;4.126004733E1;2.500000000E0;2.088000031E2;3.000000000E0;1.000000000E2
3.434023831E2;5.095058220E1;6.967321308E0;4.026001843E1;2.519999981E0;2.091999969E2;3.500000000E0;1.000000000E2
3.443901800E2;5.095056192E1;6.967296666E0;4.025999258E1;2.619999886E0;2.098000031E2;3.500000000E0;1.000000000E2
3.454229476E2;5.095054134E1;6.967279483E0;4.025996097E1;2.799999952E0;2.066999969E2;3.500000000E0;1.000000000E2
3.464145815E2;5.095052039E1;6.967255846E0;4.025993301E1;2.759999990E0;2.071000061E2;3.500000000E0;1.000000000E2
3.473889762E2;5.095049952E1;6.967234807E0;4.025990344E1;2.690000057E0;2.073000031E2;3.500000000E0;1.000000000E2
3.484119704E2;5.095047927E1;6.967213014E0;4.025987571E1;2.779999971E0;2.105000000E2;3.500000000E0;1.000000000E2
3.493930128E2;5.095045937E1;6.967189964E0;4.025984956E1;2.950000048E0;2.108000031E2;3.500000000E0;1.000000000E2
3.503856853E2;5.095043762E1;6.967168506E0;4.025981842E1;2.539999962E0;2.083000031E2;3.500000000E0;1.000000000E2
3.513975603E2;5.095041989E1;6.967151994E0;4.025979236E1;2.500000000E0;2.063000031E2;3.500000000E0;1.000000000E2
3.523824106E2;5.095040057E1;6.967132548E0;4.025976496E1;2.529999971E0;2.078000031E2;3.500000000E0;1.000000000E2
3.533914745E2;5.095038175E1;6.967113521E0;4.025973834E1;2.509999990E0;2.068000031E2;3.500000000E0;1.000000000E2
3.543989230E2;5.095036310E1;6.967092399E0;4.025971351E1;2.509999990E0;2.066000061E2;3.500000000E0;1.000000000E2
3.553872230E2;5.095034102E1;6.967073288E0;4.025968004E1;2.419999838E0;2.043999939E2;3.500000000E0;1.000000000E2
3.564005160E2;5.095032253E1;6.967059206E0;4.025965072E1;2.559999943E0;2.036000061E2;3.500000000E0;1.000000000E2
3.574035124E2;5.095030099E1;6.967042778E0;4.025961656E1;2.649999857E0;2.025000000E2;3.000000000E0;1.000000000E2
3.583839267E2;5.095027937E1;6.967025008E0;4.025958314E1;2.619999886E0;2.041999969E2;3.500000000E0;1.000000000E2
3.594176318E2;5.095025460E1;6.967008831E0;4.125954198E1;2.679999828E0;2.041999969E2;3.500000000E0;1.000000000E2
3.603920561E2;5.095023314E1;6.966990978E0;4.125950898E1;2.609999895E0;2.045000000E2;3.500000000E0;1.000000000E2
3.613846808E2;5.095021395E1;6.966972537E0;4.125948115E1;2.349999905E0;2.081999969E2;3.500000000E0;1.000000000E2
3.624033730E2;5.095019689E1;6.966952421E0;4.125945899E1;2.379999876E0;2.073999939E2;3.500000000E0;1.000000000E2
3.633909994E2;5.095017774E1;6.966939345E0;4.125942755E1;2.139999866E0;2.016000061E2;3.500000000E0;1.000000000E2
3.643968966E2;5.095015737E1;6.966923671E0;4.125939534E1;2.529999971E0;2.028000031E2;3.500000000E0;1.000000000E2
3.654078909E2;5.095013629E1;6.966906739E0;4.125936249E1;2.579999924E0;2.040000000E2;3.500000000E0;1.000000000E2
3.664052785E2;5.095011370E1;6.966894502E0;4.025932323E1;2.440000057E0;2.003000031E2;3.500000000E0;1.000000000E2
3.674059848E2;5.095008822E1;6.966879498E0;4.025927976E1;2.589999914E0;2.003000031E2;3.500000000E0;1.000000000E2
3.683995613E2;5.095006295E1;6.966861812E0;4.025923858E1;2.569999933E0;2.013999939E2;3.500000000E0;1.000000000E2
3.693884884E2;5.095003809E1;6.966837924E0;3.925920256E1;2.639999866E0;2.113999939E2;3.500000000E0;1.000000000E2
3.703954120E2;5.095001655E1;6.966810767E0;3.925917577E1;2.529999971E0;2.118999939E2;3.500000000E0;1.000000000E2
3.714006352E2;5.094999271E1;6.966786627E0;4.025914204E1;2.529999971E0;2.068000031E2;3.000000000E0;1.000000000E2
3.723870106E2;5.094997204E1;6.966761062E0;4.025911602E1;2.539999962E0;2.023999939E2;3.000000000E0;1.000000000E2
3.734150067E2;5.094995168E1;6.966742286E0;3.925908594E1;2.480000019E0;2.065000000E2;3.000000000E0;1.000000000E2
3.743985107E2;5.094993064E1;6.966720661E0;3.925905640E1;2.569999933E0;2.053999939E2;2.500000000E0;1.000000000E2
3.753984475E2;5.094991060E1;6.966700293E0;3.925902813E1;2.599999905E0;2.043000031E2;2.500000000E0;1.000000000E2
3.763839152E2;5.094989028E1;6.966683865E0;3.925899652E1;2.480000019E0;2.041999969E2;3.000000000E0;1.000000000E2
3.773959032E2;5.094987121E1;6.966664083E0;3.925896988E1;2.389999866E0;2.053999939E2;3.000000000E0;1.000000000E2
3.783893091E2;5.094985189E1;6.966644470E0;4.025894258E1;2.389999866E0;2.030000000E2;2.500000000E0;1.000000000E2
3.794050046E2;5.094983156E1;6.966622509E0;4.025891478E1;2.639999866E0;2.070000000E2;2.500000000E0;1.000000000E2
3.803998093E2;5.094980918E1;6.966600884E0;4.025888241E1;2.769999981E0;2.068999939E2;2.500000000E0;1.000000000E2
3.813970665E2;5.094978785E1;6.966580432E0;4.025885145E1;2.629999876E0;2.065000000E2;2.500000000E0;1.000000000E2
3.823986494E2;5.094976547E1;6.966561405E0;4.025881729E1;2.750000000E0;2.078999939E2;2.500000000E0;1.000000000E2
3.833889666E2;5.094974259E1;6.966540702E0;4.025878323E1;2.710000038E0;2.075000000E2;2.500000000E0;1.000000000E2
3.844024426E2;5.094971857E1;6.966522178E0;4.025874527E1;2.879999876E0;2.055000000E2;2.500000000E0;1.000000000E2
3.854129539E2;5.094969511E1;6.966504827E0;4.125870766E1;2.960000038E0;2.061999969E2;2.500000000E0;1.000000000E2
3.863884819E2;5.094967118E1;6.966485633E0;4.125867034E1;2.869999886E0;2.043000031E2;2.500000000E0;1.000000000E2
3.873989039E2;5.094964687E1;6.966463253E0;4.125863442E1;3.079999924E0;2.096999969E2;2.500000000E0;1.000000000E2
3.883988574E2;5.094962470E1;6.966444226E0;4.125860070E1;2.750000000E0;2.091000061E2;2.500000000E0;1.000000000E2
3.893853735E2;5.094960420E1;6.966422517E0;4.125857237E1;2.720000029E0;2.140000000E2;2.500000000E0;1.000000000E2
3.903962698E2;5.094958224E1;6.966401730E0;4.125854030E1;2.929999828E0;2.121999969E2;2.500000000E0;1.000000000E2
3.913999724E2;5.094955936E1;6.966381781E0;4.125850572E1;2.720000029E0;2.101000061E2;2.500000000E0;1.000000000E2
3.923840752E2;5.094953807E1;6.966361832E0;4.125847449E1;2.599999905E0;2.096999969E2;2.500000000E0;1.000000000E2
3.934145696E2;5.094951615E1;6.966341883E0;4.225844194E1;2.679999828E0;2.056000061E2;2.500000000E0;1.000000000E2
3.943998713E2;5.094949557E1;6.966324532E0;4.225841042E1;2.669999838E0;2.046000061E2;2.500000000E0;1.000000000E2
3.953980714E2;5.094947403E1;6.966309445E0;4.125837532E1;2.720000029E0;2.026999969E2;2.500000000E0;1.000000000E2
3.963943378E2;5.094945224E1;6.966291675E0;4.225834153E1;2.569999933E0;2.026999969E2;2.500000000E0;1.000000000E2
3.973972467E2;5.094943129E1;6.966274325E0;4.125830922E1;2.599999905E0;2.051000061E2;2.500000000E0;1.000000000E2
3.983952134E2;5.094940895E1;6.966256052E0;4.125827463E1;2.849999905E0;2.021999969E2;2.500000000E0;1.000000000E2
3.994103840E2;5.094938762E1;6.966237109E0;4.125824262E1;2.859999895E0;2.056999969E2;2.500000000E0;1.000000000E2
4.003990132E2;5.094936314E1;6.966216406E0;4.125820518E1;3.089999914E0;2.031999969E2;2.500000000E0;1.000000000E2
4.013968653E2;5.094933875E1;6.966196457E0;4.125816740E1;2.970000029E0;2.023999939E2;2.500000000E0;1.000000000E2
4.023997578E2;5.094931511E1;6.966179525E0;4.125812914E1;2.919999838E0;2.026000061E2;2.500000000E0;1.000000000E2
4.034036180E2;5.094929252E1;6.966163432E0;4.125809252E1;2.599999905E0;1.996999969E2;2.500000000E0;1.000000000E2
4.043917999E2;5.094927324E1;6.966150859E0;4.125806046E1;2.539999962E0;1.981999969E2;2.500000000E0;1.000000000E2
4.054052031E2;5.094925099E1;6.966135688E0;4.125802391E1;2.809999943E0;2.010000000E2;2.500000000E0;1.000000000E2
4.063927258E2;5.094922664E1;6.966120685E0;4.125798281E1;2.789999962E0;2.030000000E2;2.500000000E0;1.000000000E2
4.073928914E2;5.094920154E1;6.966107357E0;4.125793897E1;2.950000048E0;1.965000000E2;2.500000000E0;1.000000000E2
4.083965871E2;5.094917304E1;6.966094365E0;4.125788773E1;3.439999819E0;1.986000061E2;2.500000000E0;1.000000000E2
4.094114121E2;5.094914274E1;6.966073243E0;4.125783828E1;3.849999905E0;2.046999969E2;2.500000000E0;1.000000000E2
4.104147212E2;5.094911101E1;6.966047427E0;4.125778905E1;4.150000095E0;2.043999939E2;2.500000000E0;1.000000000E2
4.113980231E2;5.094906785E1;6.966010798E0;4.125772309E1;4.199999809E0;2.053000031E2;2.500000000E0;1.000000000E2
4.123982323E2;5.094903009E1;6.965983976E0;4.025766180E1;4.179999828E0;2.071000061E2;2.000000000E0;1.000000000E2
4.133871889E2;5.094898528E1;6.965957908E0;4.025758513E1;5.829999924E0;2.046999969E2;2.000000000E0;1.000000000E2
4.143904038E2;5.094893830E1;6.965918262E0;4.125751319E1;5.779999733E0;2.041000061E2;2.000000000E0;1.000000000E2
4.154056151E2;5.094888655E1;6.965873837E0;4.125743444E1;6.170000076E0;2.056999969E2;2.000000000E0;1.000000000E2
4.163870173E2;5.094883273E1;6.965819187E0;4.125735839E1;6.259999752E0;2.071999969E2;2.000000000E0;1.000000000E2
4.173997928E2;5.094878890E1;6.965782391E0;4.125729112E1;4.420000076E0;2.041000061E2;2.500000000E0;1.000000000E2
4.184106573E2;5.094874489E1;6.965759424E0;4.225721399E1;4.059999943E0;2.036000061E2;2.000000000E0;1.000000000E2
4.193857807E2;5.094870893E1;6.965734614E0;4.225715512E1;3.980000019E0;2.051000061E2;2.000000000E0;1.000000000E2
4.203984011E2;5.094867838E1;6.965710642E0;4.225710708E1;3.539999962E0;2.031000061E2;2.000000000E0;1.000000000E2
4.213975394E2;5.094865240E1;6.965693878E0;4.225706374E1;2.849999905E0;1.993000031E2;2.000000000E0;1.000000000E2
4.223888748E2;5.094863220E1;6.965681640E0;4.225702949E1;2.799999952E0;1.978999939E2;2.000000000E0;1.000000000E2
4.233924689E2;5.094861045E1;6.965666050E0;4.225699428E1;2.849999905E0;2.031000061E2;2.000000000E0;1.000000000E2
4.243866219E2;5.094858702E1;6.965647107E0;4.225695783E1;2.750000000E0;2.041999969E2;2.500000000E0;1.000000000E2
4.254192179E2;5.094856334E1;6.965626907E0;4.225692171E1;2.990000010E0;2.043000031E2;2.500000000E0;1.000000000E2
4.263924746E2;5.094853878E1;6.965610478E0;4.225688115E1;2.889999866E0;2.033999939E2;2.500000000E0;1.000000000E2
4.273938185E2;5.094851590E1;6.965594972E0;4.225684348E1;2.809999943E0;2.073999939E2;2.500000000E0;1.000000000E2
4.283925486E2;5.094849314E1;6.965573682E0;4.125681006E1;2.789999962E0;2.086000061E2;2.500000000E0;1.000000000E2
4.293959515E2;5.094847118E1;6.965548787E0;4.125678080E1;2.819999933E0;2.126999969E2;2.500000000E0;1.000000000E2
4.303917663E2;5.094844930E1;6.965531353E0;4.125674658E1;2.819999933E0;2.093000031E2;2.500000000E0;1.000000000E2
4.313962016E2;5.094842743E1;6.965516433E0;4.125671064E1;2.500000000E0;2.066000061E2;2.500000000E0;1.000000000E2
4.323976623E2;5.094840718E1;6.965501178E0;4.125667838E1;2.679999828E0;2.051000061E2;3.000000000E0;1.000000000E2
4.333834796E2;5.094838250E1;6.965479217E0;4.125664134E1;2.829999924E0;2.081999969E2;3.000000000E0;1.000000000E2
4.344036061E2;5.094835756E1;6.965459352E0;4.125660234E1;2.619999886E0;2.091000061E2;2.500000000E0;1.000000000E2
4.353936724E2;5.094833606E1;6.965437392E0;4.125657203E1;2.700000048E0;2.091000061E2;2.500000000E0;1.000000000E2
4.363898196E2;5.094831456E1;6.965418365E0;4.125653970E1;2.779999971E0;2.021999969E2;2.500000000E0;1.000000000E2
4.373975063E2;5.094828984E1;6.965399422E0;4.125650051E1;2.939999819E0;2.001999969E2;2.500000000E0;1.000000000E2
4.384033177E2;5.094826335E1;6.965385759E0;4.125645396E1;2.839999914E0;1.971000061E2;2.500000000E0;1.000000000E2
4.393991289E2;5.094823888E1;6.965370420E0;4.125641281E1;2.839999914E0;1.966999969E2;2.500000000E0;1.000000000E2
4.403970500E2;5.094821398E1;6.965355920E0;4.125637021E1;3.059999943E0;1.966000061E2;2.500000000E0;1.000000000E2
4.413850921E2;5.094818716E1;6.965341754E0;4.125632330E1;2.929999828E0;1.976999969E2;2.500000000E0;1.000000000E2
4.424006497E2;5.094816097E1;6.965327170E0;4.125627800E1;2.939999819E0;1.995000000E2;2.500000000E0;1.000000000E2
4.434082185E2;5.094813590E1;6.965311999E0;4.125623550E1;2.829999924E0;1.995000000E2;2.500000000E0;1.000000000E2
4.444117390E2;5.094811046E1;6.965296995E0;4.125619209E1;3.109999895E0;2.000000000E2;2.500000000E0;1.000000000E2
4.453840228E2;5.094808641E1;6.965283249E0;4.125615073E1;2.919999838E0;1.970000000E2;2.500000000E0;1.000000000E2
4.463946759E2;5.094806147E1;6.965268161E0;4.125610843E1;2.869999886E0;1.991000061E2;2.500000000E0;1.000000000E2
4.474142370E2;5.094803763E1;6.965251649E0;4.125606942E1;2.939999819E0;1.978999939E2;2.500000000E0;1.000000000E2
4.484112864E2;5.094801386E1;6.965236645E0;4.125602954E1;2.889999866E0;1.993999939E2;2.500000000E0;1.000000000E2
4.493901705E2;5.094799014E1;6.965219211E0;4.125599143E1;3.039999962E0;1.998999939E2;2.500000000E0;1.000000000E2
4.503870433E2;5.094796646E1;6.965204123E0;4.125595179E1;2.389999866E0;1.986999969E2;2.500000000E0;1.000000000E2
4.513854403E2;5.094794186E1;6.965188030E0;4.125591089E1;2.950000048E0;2.028999939E2;2.500000000E0;1.000000000E2
4.524111352E2;5.094791906E1;6.965170596E0;4.125587472E1;2.750000000E0;2.013000031E2;2.500000000E0;1.000000000E2
4.533978662E2;5.094789601E1;6.965154586E0;4.125583704E1;2.779999971E0;1.996000061E2;2.500000000E0;1.000000000E2
4.544110534E2;5.094787296E1;6.965141343E0;4.025579745E1;2.849999905E0;1.988000031E2;2.500000000E0;1.000000000E2
4.553950938E2;5.094785301E1;6.965127345E0;4.125576494E1;2.779999971E0;2.005000000E2;2.500000000E0;1.000000000E2
4.563989596E2;5.094782971E1;6.965111000E0;4.125572696E1;2.950000048E0;2.020000000E2;2.500000000E0;1.000000000E2
4.574087530E2;5.094780662E1;6.965091052E0;4.125569189E1;2.589999914E0;2.043999939E2;2.500000000E0;1.000000000E2
4.583973433E2;5.094778495E1;6.965076467E0;4.125565615E1;2.569999933E0;2.038000031E2;2.500000000E0;1.000000000E2
4.593805959E2;5.094776274E1;6.965059536E0;4.025562087E1;2.539999962E0;1.988999939E2;2.500000000E0;1.000000000E2
4.604074625E2;5.094774045E1;6.965036485E0;4.025558962E1;3.079999924E0;2.043000031E2;2.500000000E0;1.000000000E2
4.613961814E2;5.094771300E1;6.965016872E0;4.025554512E1;2.990000010E0;2.026999969E2;2.500000000E0;1.000000000E2
4.623906732E2;5.094768710E1;6.964997929E0;4.125550343E1;3.059999943E0;2.023000031E2;2.500000000E0;1.000000000E2
4.634069373E2;5.094766182E1;6.964979405E0;4.125546278E1;3.119999886E0;2.033000031E2;2.500000000E0;1.000000000E2
4.643998472E2;5.094763601E1;6.964967251E0;4.125541660E1;2.809999943E0;2.065000000E2;2.500000000E0;1.000000000E2
4.654081671E2;5.094761296E1;6.964950655E0;4.225537932E1;2.879999876E0;2.073999939E2;2.500000000E0;1.000000000E2
4.664167089E2;5.094759033E1;6.964928443E0;4.225534678E1;2.809999943E0;2.071000061E2;2.500000000E0;1.000000000E2
4.674075620E2;5.094756493E1;6.964910254E0;4.225530563E1;2.750000000E0;2.020000000E2;2.500000000E0;1.000000000E2
4.684083942E2;5.094753459E1;6.964892484E0;4.225525375E1;3.529999971E0;2.030000000E2;2.500000000E0;1.000000000E2
4.694271698E2;5.094750869E1;6.964871194E0;4.225521367E1;2.950000048E0;2.033000031E2;2.500000000E0;1.000000000E2
4.703887368E2;5.094748631E1;6.964857364E0;4.225517591E1;2.259999990E0;2.031000061E2;2.500000000E0;1.000000000E2
4.713954473E2;5.094746669E1;6.964845043E0;4.225514294E1;2.089999914E0;1.990000000E2;2.500000000E0;1.000000000E2
4.723874800E2;5.094744662E1;6.964830458E0;4.225511056E1;2.319999933E0;2.021000061E2;2.500000000E0;1.000000000E2
4.733988484E2;5.094742705E1;6.964820400E0;4.225507613E1;2.250000000E0;1.991000061E2;2.500000000E0;1.000000000E2
4.743896126E2;5.094740668E1;6.964810258E0;4.225504008E1;2.409999847E0;1.986999969E2;2.500000000E0;1.000000000E2
4.754005079E2;5.094738417E1;6.964794751E0;4.225500319E1;2.710000038E0;1.988999939E2;2.500000000E0;1.000000000E2
4.763922164E2;5.094735936E1;6.964779412E0;4.225496132E1;2.700000048E0;1.991000061E2;2.500000000E0;1.000000000E2
4.774020960E2;5.094733627E1;6.964766756E0;4.225492124E1;2.269999981E0;1.996000061E2;2.500000000E0;1.000000000E2
4.784062175E2;5.094731586E1;6.964754853E0;4.225488631E1;2.519999981E0;1.976000061E2;3.000000000E0;1.000000000E2
4.794030272E2;5.094729122E1;6.964742783E0;4.225484255E1;2.799999952E0;1.938000031E2;2.500000000E0;1.000000000E2
4.804101666E2;5.094726515E1;6.964732390E0;4.225479462E1;2.829999924E0;1.951000061E2;2.500000000E0;1.000000000E2
4.813848647E2;5.094723707E1;6.964717805E0;4.225474533E1;3.029999971E0;1.978000031E2;2.500000000E0;1.000000000E2
4.823893464E2;5.094721121E1;6.964702215E0;4.225470142E1;3.009999990E0;1.985000000E2;2.500000000E0;1.000000000E2
4.833907081E2;5.094718406E1;6.964685619E0;4.225465546E1;3.029999971E0;2.001000061E2;2.500000000E0;1.000000000E2
4.844041418E2;5.094715514E1;6.964669107E0;4.225460571E1;3.159999847E0;1.981999969E2;2.500000000E0;1.000000000E2
4.854135125E2;5.094712731E1;6.964654019E0;4.225455730E1;3.210000038E0;1.971999969E2;2.500000000E0;1.000000000E2
4.863859855E2;5.094710099E1;6.964635998E0;4.225451408E1;3.169999838E0;2.000000000E2;2.500000000E0;1.000000000E2
4.874118952E2;5.094707442E1;6.964616217E0;4.225447154E1;3.240000010E0;1.986999969E2;2.500000000E0;1.000000000E2
4.883870518E2;5.094704676E1;6.964600543E0;4.225442388E1;3.019999981E0;1.988000031E2;2.500000000E0;1.000000000E2
4.893969936E2;5.094702052E1;6.964583863E0;4.225437991E1;3.009999990E0;1.958999939E2;2.500000000E0;1.000000000E2
4.904028133E2;5.094699383E1;6.964570787E0;4.225433250E1;2.960000038E0;1.966999969E2;2.500000000E0;1.000000000E2
4.914159597E2;5.094696923E1;6.964558214E0;4.225428917E1;2.809999943E0;1.983999939E2;2.500000000E0;1.000000000E2
4.924002427E2;5.094694517E1;6.964543546E0;4.325424843E1;2.849999905E0;1.946999969E2;2.500000000E0;1.000000000E2
4.933923946E2;5.094692179E1;6.964531224E0;4.325420749E1;2.779999971E0;1.943000031E2;2.500000000E0;1.000000000E2
4.943887344E2;5.094689714E1;6.964512449E0;4.325416833E1;2.710000038E0;1.976999969E2;2.500000000E0;1.000000000E2
4.954010350E2;5.094687099E1;6.964497529E0;4.325412333E1;2.819999933E0;1.948000031E2;2.500000000E0;1.000000000E2
4.963975461E2;5.094684685E1;6.964485962E0;4.325408029E1;2.649999857E0;1.978000031E2;2.500000000E0;1.000000000E2
4.973948573E2;5.094682242E1;6.964475904E0;4.325403558E1;2.619999886E0;1.991999969E2;2.500000000E0;1.000000000E2
4.983904422E2;5.094679949E1;6.964463079E0;4.325399596E1;2.769999981E0;1.968000031E2;2.500000000E0;1.000000000E2
4.994040792E2;5.094677443E1;6.964449836E0;4.325395211E1;2.819999933E0;1.961999969E2;2.500000000E0;1.000000000E2
5.004192398E2;5.094674530E1;6.964439191E0;4.325389789E1;2.909999847E0;1.965000000E2;2.500000000E0;1.000000000E2
5.014129959E2;5.094671924E1;6.964423852E0;4.225385336E1;2.720000029E0;1.975000000E2;2.500000000E0;1.000000000E2
5.024082907E2;5.094669417E1;6.964408848E0;4.225381072E1;2.899999857E0;1.951000061E2;2.500000000E0;1.000000000E2
5.034178530E2;5.094666681E1;6.964395354E0;4.225376218E1;2.879999876E0;1.973999939E2;2.500000000E0;1.000000000E2
5.043948719E2;5.094664099E1;6.964381691E0;4.225371702E1;2.909999847E0;1.978000031E2;2.500000000E0;1.000000000E2
5.054118588E2;5.094661488E1;6.964365430E0;4.325367303E1;2.750000000E0;1.981000061E2;2.500000000E0;1.000000000E2
5.064021038E2;5.094659171E1;6.964351684E0;4.225363351E1;2.759999990E0;1.971000061E2;2.500000000E0;1.000000000E2
5.073920140E2;5.094656866E1;6.964338776E0;4.225359368E1;2.720000029E0;1.970000000E2;2.500000000E0;1.000000000E2
5.083936638E2;5.094654523E1;6.964325616E0;4.225355322E1;2.809999943E0;1.978000031E2;2.500000000E0;1.000000000E2
5.093986054E2;5.094651707E1;6.964312708E0;4.325350259E1;2.919999838E0;1.960000000E2;2.500000000E0;1.000000000E2
5.103879784E2;5.094648911E1;6.964299800E0;4.325345240E1;2.859999895E0;1.963999939E2;2.500000000E0;1.000000000E2
5.114029519E2;5.094646325E1;6.964285718E0;4.325340744E1;2.779999971E0;1.986999969E2;2.500000000E0;1.000000000E2
5.124086348E2;5.094643865E1;6.964276498E0;4.325336180E1;2.980000019E0;1.945000000E2;2.500000000E0;1.000000000E2
5.133909545E2;5.094641376E1;6.964262417E0;4.325331888E1;2.779999971E0;1.945000000E2;2.500000000E0;1.000000000E2
5.143933965E2;5.094638840E1;6.964244563E0;4.325327757E1;3.019999981E0;2.003999939E2;2.500000000E0;1.000000000E2
5.154000840E2;5.094636376E1;6.964223608E0;4.325323990E1;2.740000010E0;1.986000061E2;2.500000000E0;1.000000000E2
5.164197122E2;5.094634067E1;6.964209443E0;4.225320084E1;2.839999914E0;1.960000000E2;2.500000000E0;1.000000000E2
5.174075602E2;5.094631556E1;6.964198379E0;4.225315540E1;3.029999971E0;1.948000031E2;2.500000000E0;1.000000000E2
5.183961272E2;5.094628866E1;6.964185555E0;4.225310737E1;2.960000038E0;1.956999969E2;2.500000000E0;1.000000000E2
5.194082361E2;5.094626410E1;6.964170551E0;4.225306578E1;2.929999828E0;1.961999969E2;2.500000000E0;1.000000000E2
5.204278789E2;5.094623845E1;6.964155547E0;4.225302190E1;2.899999857E0;1.958000031E2;2.500000000E0;1.000000000E2
5.214119209E2;5.094621096E1;6.964140041E0;4.225297446E1;2.939999819E0;1.963999939E2;2.500000000E0;1.000000000E2
5.224122668E2;5.094618581E1;6.964126714E0;4.225293048E1;2.939999819E0;1.955000000E2;2.500000000E0;1.000000000E2
5.234093268E2;5.094616297E1;6.964108692E0;4.225289460E1;2.710000038E0;1.998999939E2;2.500000000E0;1.000000000E2
5.243895925E2;5.094614042E1;6.964089917E0;4.125285985E1;2.730000019E0;1.996999969E2;2.500000000E0;1.000000000E2
5.254055130E2;5.094611679E1;6.964073321E0;4.125282131E1;2.700000048E0;1.961000061E2;2.500000000E0;1.000000000E2
5.263891499E2;5.094609332E1;6.964058904E0;4.125278162E1;2.750000000E0;1.963999939E2;2.500000000E0;1.000000000E2
5.274052787E2;5.094606901E1;6.964048091E0;4.125273769E1;2.769999981E0;1.946000061E2;3.000000000E0;1.000000000E2
5.283917517E2;5.094604340E1;6.964033507E0;4.225269360E1;3.049999952E0;1.968999939E2;3.000000000E0;1.000000000E2
5.294039704E2;5.094601461E1;6.964021521E0;4.225264100E1;3.379999876E0;1.946000061E2;2.500000000E0;1.000000000E2
5.304006271E2;5.094597794E1;6.964009367E0;4.225257187E1;3.689999819E0;1.938999939E2;2.500000000E0;1.000000000E2
5.314009133E2;5.094594102E1;6.963991094E0;4.225250640E1;3.730000019E0;1.953999939E2;2.500000000E0;1.000000000E2
5.323866466E2;5.094590108E1;6.963974414E0;4.225243347E1;4.469999790E0;1.961000061E2;3.000000000E0;1.000000000E2
5.334147598E2;5.094583872E1;6.963944491E0;4.225232226E1;5.190000057E0;1.978000031E2;2.500000000E0;1.000000000E2
5.343918084E2;5.094578859E1;6.963917669E0;4.325223477E1;5.369999886E0;1.968999939E2;2.500000000E0;1.000000000E2
5.353883124E2;5.094574182E1;6.963886572E0;4.425215729E1;5.609999657E0;1.961000061E2;2.500000000E0;1.000000000E2
5.363942164E2;5.094569099E1;6.963863689E0;4.325206559E1;5.779999733E0;1.960000000E2;2.500000000E0;1.000000000E2
5.374044149E2;5.094564007E1;6.963842399E0;4.325197262E1;5.879999638E0;1.950000000E2;2.500000000E0;1.000000000E2
5.383895087E2;5.094558869E1;6.963820690E0;4.325187896E1;5.960000038E0;1.956000061E2;2.000000000E0;1.000000000E2
5.393894555E2;5.094553466E1;6.963794287E0;4.325178294E1;5.710000038E0;1.968000031E2;2.000000000E0;1.000000000E2
5.403884535E2;5.094548211E1;6.963765118E0;4.325169191E1;5.809999943E0;1.941000061E2;2.500000000E0;1.000000000E2
5.413893841E2;5.094543261E1;6.963741397E0;4.425160361E1;5.519999981E0;1.946999969E2;2.000000000E0;1.000000000E2
5.424279601E2;5.094538325E1;6.963718683E0;4.325151489E1;5.380000114E0;1.943000031E2;2.000000000E0;1.000000000E2
5.434086313E2;5.094534025E1;6.963688675E0;4.425144462E1;4.789999962E0;1.953999939E2;2.500000000E0;1.000000000E2
5.443883785E2;5.094529985E1;6.963667721E0;4.425137363E1;4.059999943E0;1.928000031E2;2.500000000E0;1.000000000E2
5.454066350E2;5.094526489E1;6.963654058E0;4.425130916E1;3.569999933E0;1.978000031E2;2.000000000E0;1.000000000E2
5.463872482E2;5.094523300E1;6.963637546E0;4.425125310E1;3.759999990E0;1.996000061E2;2.500000000E0;1.000000000E2
5.473927889E2;5.094520182E1;6.963618938E0;4.525119998E1;3.609999895E0;1.975000000E2;2.500000000E0;1.000000000E2
5.483961897E2;5.094517294E1;6.963605694E0;4.525114805E1;3.179999828E0;1.933000031E2;2.500000000E0;1.000000000E2
5.493968365E2;5.094514696E1;6.963595217E0;4.525110034E1;2.819999933E0;1.905000000E2;2.500000000E0;1.000000000E2
5.504241137E2;5.094512332E1;6.963583818E0;4.525105822E1;2.700000048E0;1.918000031E2;3.000000000E0;1.000000000E2
5.514079976E2;5.094509805E1;6.963571412E0;4.425101333E1;2.869999886E0;1.925000000E2;3.000000000E0;1.000000000E2
5.524036823E2;5.094507127E1;6.963558588E0;4.425096554E1;2.829999924E0;1.903999939E2;3.000000000E0;1.000000000E2
5.533919523E2;5.094504680E1;6.963546770E0;4.425092193E1;2.669999838E0;1.921000061E2;3.000000000E0;1.000000000E2
5.544075843E2;5.094502479E1;6.963534532E0;4.425088384E1;2.399999857E0;1.918000031E2;3.000000000E0;1.000000000E2
5.554036135E2;5.094500321E1;6.963524055E0;4.525084542E1;2.529999971E0;1.936000061E2;3.000000000E0;1.000000000E2
5.564047141E2;5.094498075E1;6.963516930E0;4.525080284E1;2.470000029E0;1.876000061E2;3.000000000E0;1.000000000E2
5.573830595E2;5.094496117E1;6.963510476E0;4.525076592E1;2.200000048E0;1.885000000E2;3.000000000E0;1.000000000E2
5.584022289E2;5.094494110E1;6.963504357E0;4.525072770E1;2.119999886E0;1.833000031E2;3.000000000E0;1.000000000E2
5.593873983E2;5.094492098E1;6.963503519E0;4.525068577E1;2.509999990E0;1.821000061E2;3.000000000E0;1.000000000E2
5.603914700E2;5.094489936E1;6.963500669E0;4.525064203E1;2.159999847E0;1.863000031E2;3.000000000E0;1.000000000E2
5.613955730E2;5.094488134E1;6.963493461E0;4.525060890E1;2.029999971E0;1.936000061E2;3.000000000E0;1.000000000E2
5.624031505E2;5.094486562E1;6.963481810E0;4.525058368E1;1.990000010E0;1.956999969E2;3.000000000E0;1.000000000E2
5.633904760E2;5.094484873E1;6.963469069E0;4.525055673E1;1.490000010E0;2.026000061E2;3.000000000E0;1.000000000E2
5.643853136E2;5.094483121E1;6.963458844E0;4.525052673E1;1.990000010E0;1.961999969E2;3.000000000E0;1.000000000E2
5.654066388E2;5.094481122E1;6.963450378E0;4.525049029E1;1.929999948E0;1.941999969E2;3.000000000E0;1.000000000E2
5.664148277E2;5.094478842E1;6.963441493E0;4.525044821E1;2.139999866E0;1.921999969E2;3.000000000E0;1.000000000E2
5.673875686E2;5.094476634E1;6.963434033E0;4.525040666E1;2.250000000E0;1.863000031E2;3.000000000E0;1.000000000E2
5.683809910E2;5.094473922E1;6.963437805E0;4.525034678E1;2.619999886E0;1.808999939E2;3.000000000E0;1.000000000E2
5.693895083E2;5.094471361E1;6.963441493E0;4.425029015E1;2.339999914E0;1.706999969E2;2.500000000E0;1.000000000E2
5.704069419E2;5.094469153E1;6.963446606E0;4.425023998E1;2.500000000E0;1.733000031E2;2.500000000E0;1.000000000E2
5.713981333E2;5.094466387E1;6.963449791E0;4.425017936E1;2.730000019E0;1.758999939E2;2.500000000E0;1.000000000E2
5.723831445E2;5.094463730E1;6.963449288E0;4.425012356E1;2.639999866E0;1.811999969E2;2.500000000E0;1.000000000E2
5.734061246E2;5.094461408E1;6.963451300E0;4.425007312E1;2.119999886E0;1.808999939E2;3.000000000E0;1.000000000E2
5.743927832E2;5.094459258E1;6.963450462E0;4.425002827E1;2.139999866E0;1.820000000E2;3.000000000E0;1.000000000E2
5.754035477E2;5.094457104E1;6.963445852E0;4.424998592E1;2.109999895E0;1.865000000E2;3.000000000E0;1.000000000E2
5.764043744E2;5.094454644E1;6.963437889E0;4.424993940E1;2.539999962E0;1.875000000E2;3.000000000E0;1.000000000E2
5.773961974E2;5.094452121E1;6.963429255E0;4.424989201E1;2.389999866E0;1.881999969E2;3.500000000E0;1.000000000E2
5.784146501E2;5.094449791E1;6.963423388E0;4.424984680E1;2.429999828E0;1.903000031E2;3.000000000E0;1.000000000E2
5.794039772E2;5.094447519E1;6.963419113E0;4.424980173E1;2.159999847E0;1.860000000E2;3.000000000E0;1.000000000E2
5.803982648E2;5.094445084E1;6.963418443E0;4.424975074E1;2.599999905E0;1.800000000E2;3.000000000E0;1.000000000E2
5.814091226E2;5.094442507E1;6.963412659E0;4.424970025E1;2.939999819E0;1.838000031E2;3.000000000E0;1.000000000E2
5.824023253E2;5.094439959E1;6.963401847E0;4.424965382E1;2.349999905E0;1.888000031E2;3.500000000E0;1.000000000E2
5.834150447E2;5.094437742E1;6.963390615E0;4.424961468E1;2.539999962E0;1.881000061E2;3.000000000E0;1.000000000E2
5.843976134E2;5.094435412E1;6.963382903E0;4.424957073E1;2.669999838E0;1.861000061E2;3.000000000E0;1.000000000E2
5.854045957E2;5.094433048E1;6.963377539E0;4.424952446E1;2.519999981E0;1.876000061E2;3.000000000E0;1.000000000E2
5.864095795E2;5.094430617E1;6.963372091E0;4.424947683E1;2.450000048E0;1.833000031E2;3.000000000E0;1.000000000E2
5.873973886E2;5.094428828E1;6.963365637E0;4.424944345E1;2.069999933E0;1.808999939E2;3.500000000E0;1.000000000E2
5.883977504E2;5.094426937E1;6.963363290E0;4.424940512E1;2.200000048E0;1.843000031E2;3.500000000E0;1.000000000E2
5.894038722E2;5.094424758E1;6.963357255E0;4.424936321E1;2.359999895E0;1.815000000E2;3.500000000E0;1.000000000E2
5.904189318E2;5.094422784E1;6.963349711E0;4.424932667E1;2.180000067E0;1.813000031E2;3.500000000E0;1.000000000E2
5.914123032E2;5.094420705E1;6.963342084E0;4.424928797E1;2.079999924E0;1.833999939E2;3.000000000E0;1.000000000E2
5.923859833E2;5.094418937E1;6.963328086E0;4.424926020E1;1.839999914E0;1.951999969E2;3.500000000E0;1.000000000E2
5.933983307E2;5.094417252E1;6.963311490E0;4.424923597E1;1.879999995E0;2.056000061E2;3.500000000E0;1.000000000E2
5.943866231E2;5.094415752E1;6.963296738E0;4.424921438E1;2.129999876E0;2.115000000E2;3.000000000E0;1.000000000E2
5.953885624E2;5.094413807E1;6.963275867E0;4.424918759E1;2.470000029E0;2.156000061E2;3.500000000E0;1.000000000E2
5.963913967E2;5.094411787E1;6.963255750E0;4.424915869E1;2.279999971E0;2.126000061E2;3.500000000E0;1.000000000E2
5.973848405E2;5.094409746E1;6.963237477E0;4.424912808E1;2.259999990E0;2.113000031E2;3.000000000E0;1.000000000E2
5.984017374E2;5.094407726E1;6.963215265E0;4.424910062E1;2.450000048E0;2.105000000E2;3.000000000E0;1.000000000E2
5.994130247E2;5.094405371E1;6.963195065E0;4.424906469E1;2.769999981E0;2.000000000E2;3.000000000E0;1.000000000E2
6.004189480E2;5.094403284E1;6.963176457E0;4.324903334E1;1.990000010E0;1.968999939E2;3.500000000E0;1.000000000E2
6.013886120E2;5.094401272E1;6.963162376E0;4.324900048E1;2.220000029E0;1.943999939E2;3.500000000E0;1.000000000E2
6.024126066E2;5.094398967E1;6.963147121E0;4.324896223E1;2.589999914E0;1.956000061E2;3.500000000E0;1.000000000E2
6.034103904E2;5.094396557E1;6.963132536E0;4.324892130E1;2.210000038E0;1.943000031E2;3.500000000E0;1.000000000E2
6.043996562E2;5.094394319E1;6.963120634E0;4.324888216E1;2.490000010E0;1.935000000E2;3.500000000E0;1.000000000E2
6.053943142E2;5.094391587E1;6.963113677E0;4.424882919E1;2.529999971E0;1.868000031E2;3.000000000E0;1.000000000E2
6.063970839E2;5.094388653E1;6.963107726E0;4.424877128E1;2.450000048E0;1.885000000E2;3.500000000E0;1.000000000E2
6.074091259E2;5.094386331E1;6.963099344E0;4.424872796E1;2.470000029E0;1.870000000E2;3.500000000E0;1.000000000E2
6.084004546E2;5.094384160E1;6.963090040E0;4.424868846E1;2.359999895E0;1.916999969E2;3.500000000E0;1.000000000E2
6.094068606E2;5.094381977E1;6.963077635E0;4.324865082E1;2.339999914E0;1.918999939E2;3.500000000E0;1.000000000E2
6.104038823E2;5.094379689E1;6.963068834E0;4.324860850E1;2.279999971E0;1.911999969E2;3.500000000E0;1.000000000E2
6.113831994E2;5.094377388E1;6.963060955E0;4.324856528E1;2.220000029E0;1.926000061E2;3.500000000E0;1.000000000E2
6.124086473E2;5.094375208E1;6.963055003E0;4.324852330E1;2.399999857E0;1.901999969E2;3.000000000E0;1.000000000E2
6.133864288E2;5.094372908E1;6.963045197E0;4.324848140E1;2.500000000E0;1.908999939E2;3.000000000E0;1.000000000E2
6.143934360E2;5.094370594E1;6.963036563E0;4.324843843E1;2.299999952E0;1.898999939E2;3.000000000E0;1.000000000E2
6.154008462E2;5.094368591E1;6.963033043E0;4.324839851E1;2.269999981E0;1.895000000E2;3.000000000E0;1.000000000E2
6.163893463E2;5.094366621E1;6.963026756E0;4.324836120E1;2.289999962E0;1.906000061E2;3.500000000E0;1.000000000E2
6.173886780E2;5.094364576E1;6.963022146E0;4.324832114E1;2.159999847E0;1.898999939E2;3.000000000E0;1.000000000E2
6.183845220E2;5.094362405E1;6.963016530E0;4.324827911E1;2.250000000E0;1.858000031E2;3.000000000E0;1.000000000E2
6.193985832E2;5.094360402E1;6.963016279E0;4.324823695E1;1.879999995E0;1.793000031E2;3.000000000E0;1.000000000E2
6.204325870E2;5.094359425E1;6.963037066E0;4.324820208E1;1.439999938E0;1.590000000E2;3.500000000E0;1.000000000E2
6.214075206E2;5.094360016E1;6.963063050E0;4.224819677E1;1.990000010E0;7.040000153E1;3.500000000E0;1.000000000E2
6.223880903E2;5.094361709E1;6.963084340E0;4.224821797E1;2.139999866E0;2.000000000E1;3.500000000E0;1.000000000E2
6.234145273E2;5.094363474E1;6.963104792E0;4.224824124E1;2.349999905E0;1.510000038E1;3.500000000E0;1.000000000E2
6.243864995E2;5.094364999E1;6.963123567E0;4.224826062E1;2.329999924E0;1.700000000E1;4.000000000E0;1.000000000E2
6.254148649E2;5.094367107E1;6.963142678E0;4.324829207E1;2.440000057E0;4.000000000E0;3.500000000E0;1.000000000E2
6.263961867E2;5.094369035E1;6.963148797E0;4.324832862E1;2.549999952E0;6.999999881E-1;3.000000000E0;1.000000000E2
6.274024842E2;5.094371432E1;6.963153658E0;4.324837594E1;2.599999905E0;4.000000060E-1;3.000000000E0;1.000000000E2
6.283996623E2;5.094373683E1;6.963158017E0;4.324842051E1;2.549999952E0;2.000000000E0;3.000000000E0;1.000000000E2
6.293990167E2;5.094376051E1;6.963159190E0;4.324846974E1;2.759999990E0;2.400000095E0;3.000000000E0;1.000000000E2
6.304190589E2;5.094378695E1;6.963163046E0;4.324852298E1;2.740000010E0;2.299999952E0;3.000000000E0;1.000000000E2
6.314236662E2;5.094381122E1;6.963170422E0;4.324856920E1;2.559999943E0;5.900000095E0;3.000000000E0;1.000000000E2
6.323850041E2;5.094383716E1;6.963179139E0;4.324861804E1;3.019999981E0;3.099999905E0;3.000000000E0;1.000000000E2
6.334086341E2;5.094386281E1;6.963182492E0;4.324866994E1;2.549999952E0;5.099999905E0;3.000000000E0;1.000000000E2
6.344111948E2;5.094388733E1;6.963189784E0;4.324871675E1;3.000000000E0;1.200000048E0;3.000000000E0;1.000000000E2
6.353981422E2;5.094391499E1;6.963195316E0;4.424877140E1;2.789999962E0;2.000000030E-1;3.000000000E0;1.000000000E2
6.364037294E2;5.094394026E1;6.963197161E0;4.424882354E1;2.679999828E0;6.000000238E-1;3.000000000E0;1.000000000E2
6.373934891E2;5.094396121E1;6.963197580E0;4.324886753E1;2.519999981E0;6.099999905E0;3.500000000E0;1.000000000E2
6.383992499E2;5.094398535E1;6.963201854E0;4.324891561E1;2.679999828E0;1.160000038E1;3.000000000E0;1.000000000E2
6.393924116E2;5.094401243E1;6.963208560E0;4.324896822E1;2.799999952E0;1.310000038E1;3.000000000E0;1.000000000E2
6.403951301E2;5.094403778E1;6.963219875E0;4.324901404E1;2.710000038E0;1.319999981E1;3.000000000E0;1.000000000E2
6.413866389E2;5.094405811E1;6.963232029E0;4.424904866E1;2.429999828E0;1.889999962E1;2.500000000E0;1.000000000E2
6.423916001E2;5.094408254E1;6.963245273E0;4.424909122E1;2.899999857E0;1.489999962E1;2.500000000E0;1.000000000E2
6.433960480E2;5.094410857E1;6.963256253E0;4.424913869E1;2.909999847E0;1.480000019E1;2.500000000E0;1.000000000E2
6.443935842E2;5.094413342E1;6.963267485E0;4.324918350E1;2.809999943E0;1.319999981E1;2.500000000E0;1.000000000E2
6.453889976E2;5.094415789E1;6.963283159E0;4.424922448E1;2.690000057E0;1.439999962E1;3.000000000E0;1.000000000E2
6.464010677E2;5.094418245E1;6.963292547E0;4.424926994E1;2.629999876E0;1.439999962E1;3.000000000E0;1.000000000E2
6.473875361E2;5.094420861E1;6.963298833E0;4.424932089E1;2.740000010E0;1.469999981E1;3.000000000E0;1.000000000E2
6.483967286E2;5.094423224E1;6.963312915E0;4.424936118E1;2.480000019E0;2.229999924E1;3.000000000E0;1.000000000E2
6.494021369E2;5.094425311E1;6.963325236E0;4.324939684E1;2.539999962E0;2.229999924E1;3.000000000E0;1.000000000E2
6.504087482E2;5.094427801E1;6.963334456E0;4.424944312E1;2.549999952E0;1.650000000E1;3.000000000E0;1.000000000E2
6.513990797E2;5.094430286E1;6.963346191E0;4.424948759E1;2.509999990E0;1.330000019E1;3.000000000E0;1.000000000E2
6.524274860E2;5.094432767E1;6.963358009E0;4.424953191E1;2.450000048E0;1.450000000E1;3.000000000E0;1.000000000E2
6.534049571E2;5.094435018E1;6.963366810E0;4.424957343E1;2.450000048E0;1.400000000E1;2.500000000E0;1.000000000E2
6.543924216E2;5.094437574E1;6.963376030E0;4.424962113E1;2.919999838E0;8.000000000E0;2.500000000E0;1.000000000E2
6.553917097E2;5.094440156E1;6.963389609E0;4.524966637E1;2.569999933E0;1.369999981E1;2.500000000E0;1.000000000E2
6.563873686E2;5.094442586E1;6.963400757E0;4.524971009E1;2.919999838E0;1.269999981E1;2.500000000E0;1.000000000E2
6.573993298E2;5.094445202E1;6.963405786E0;4.524976190E1;2.759999990E0;9.899999619E0;2.500000000E0;1.000000000E2
6.584012717E2;5.094447976E1;6.963412575E0;4.524981587E1;2.909999847E0;7.599999905E0;2.500000000E0;1.000000000E2
6.593940701E2;5.094450796E1;6.963420035E0;4.524987035E1;2.960000038E0;9.100000381E0;2.500000000E0;1.000000000E2
6.604145985E2;5.094453378E1;6.963426070E0;4.524992076E1;2.730000019E0;8.100000381E0;2.500000000E0;1.000000000E2
6.614194998E2;5.094456056E1;6.963431938E0;4.524997332E1;2.789999962E0;5.900000095E0;2.500000000E0;1.000000000E2
6.624002418E2;5.094458818E1;6.963433195E0;4.425003081E1;2.559999943E0;4.400000095E0;2.500000000E0;1.000000000E2
6.634080119E2;5.094461366E1;6.963437051E0;4.425008201E1;2.679999828E0;2.500000000E0;2.500000000E0;1.000000000E2
6.643986281E2;5.094463843E1;6.963443169E0;4.425013014E1;2.569999933E0;3.000000000E0;2.500000000E0;1.000000000E2
6.654119807E2;5.094466228E1;6.963448534E0;4.425017685E1;2.519999981E0;7.500000000E0;2.500000000E0;1.000000000E2
6.664064845E2;5.094468663E1;6.963454233E0;4.425022439E1;2.539999962E0;6.500000000E0;2.500000000E0;1.000000000E2
6.673840197E2;5.094471253E1;6.963465549E0;4.425027136E1;2.299999952E0;6.900000095E0;2.500000000E0;1.000000000E2
6.684097258E2;5.094473486E1;6.963476948E0;4.425031074E1;2.109999895E0;7.300000191E0;2.500000000E0;1.000000000E2
6.693944603E2;5.094475548E1;6.963476865E0;4.425035436E1;2.210000038E0;9.100000381E0;2.500000000E0;1.000000000E2
6.703886700E2;5.094477862E1;6.963482564E0;4.425039934E1;2.240000010E0;1.130000019E1;3.000000000E0;1.000000000E2
6.713986080E2;5.094479982E1;6.963492623E0;4.425043725E1;1.929999948E0;1.419999981E1;3.000000000E0;1.000000000E2
6.723971277E2;5.094482036E1;6.963497819E0;4.425047707E1;1.889999986E0;1.539999962E1;3.000000000E0;1.000000000E2
6.734053119E2;5.094484064E1;6.963509889E0;4.425051165E1;1.889999986E0;1.439999962E1;3.000000000E0;1.000000000E2
6.744295084E2;5.094486474E1;6.963512739E0;4.425056062E1;2.329999924E0;7.599999905E0;3.000000000E0;1.000000000E2
6.753779753E2;5.094489064E1;6.963512907E0;4.425061522E1;2.599999905E0;2.000000030E-1;3.000000000E0;1.000000000E2
6.764304329E2;5.094491461E1;6.963522043E0;4.425065961E1;2.279999971E0;1.130000019E1;2.500000000E0;1.000000000E2
6.773911899E2;5.094494177E1;6.963531012E0;4.425071084E1;2.559999943E0;1.539999962E1;2.500000000E0;1.000000000E2
6.784127210E2;5.094496591E1;6.963537717E0;4.425075724E1;2.649999857E0;1.339999962E1;2.500000000E0;1.000000000E2
